query_id,category,domain,method,question,relevant_id,result_rank,result_id,result_name,score,is_relevant,is_hard_negative,bm25_rank,e5_rank
Q001,exact,product_ac,bm25,Berapa harga AC Sharp 0.5 PK?,KDP001,1,KDP001,Sharp - 0.5 PK,11.354838837831316,True,False,1,
Q001,exact,product_ac,bm25,Berapa harga AC Sharp 0.5 PK?,KDP001,2,KDP020,SHARP - 1 PK,11.128365475631284,False,False,2,
Q001,exact,product_ac,bm25,Berapa harga AC Sharp 0.5 PK?,KDP001,3,KDP033,SHARP THAILAND - 1.5 PK,10.76671268490211,False,False,3,
Q001,exact,product_ac,bm25,Berapa harga AC Sharp 0.5 PK?,KDP001,4,KDP041,SHARP - 2 PK,10.353417334233594,False,False,4,
Q001,exact,product_ac,bm25,Berapa harga AC Sharp 0.5 PK?,KDP001,5,KDP052,SAMSUNG 0.5 PK,5.789595394710012,False,False,5,
Q001,exact,product_ac,e5,Berapa harga AC Sharp 0.5 PK?,KDP001,1,KDP020,SHARP - 1 PK,0.8869688510894775,False,False,,1
Q001,exact,product_ac,e5,Berapa harga AC Sharp 0.5 PK?,KDP001,2,KDP001,Sharp - 0.5 PK,0.8867291808128357,True,False,,2
Q001,exact,product_ac,e5,Berapa harga AC Sharp 0.5 PK?,KDP001,3,KDP033,SHARP THAILAND - 1.5 PK,0.8800937533378601,False,False,,3
Q001,exact,product_ac,e5,Berapa harga AC Sharp 0.5 PK?,KDP001,4,KDP041,SHARP - 2 PK,0.869491696357727,False,False,,4
Q001,exact,product_ac,e5,Berapa harga AC Sharp 0.5 PK?,KDP001,5,KDP005,HONSHU - 0.5 PK,0.8680916428565979,False,False,,5
Q001,exact,product_ac,hybrid_rrf,Berapa harga AC Sharp 0.5 PK?,KDP001,1,KDP001,Sharp - 0.5 PK,0.03252247488101534,True,False,1,2
Q001,exact,product_ac,hybrid_rrf,Berapa harga AC Sharp 0.5 PK?,KDP001,2,KDP020,SHARP - 1 PK,0.03252247488101534,False,False,2,1
Q001,exact,product_ac,hybrid_rrf,Berapa harga AC Sharp 0.5 PK?,KDP001,3,KDP033,SHARP THAILAND - 1.5 PK,0.031746031746031744,False,False,3,3
Q001,exact,product_ac,hybrid_rrf,Berapa harga AC Sharp 0.5 PK?,KDP001,4,KDP041,SHARP - 2 PK,0.03125,False,False,4,4
Q001,exact,product_ac,hybrid_rrf,Berapa harga AC Sharp 0.5 PK?,KDP001,5,KDP052,SAMSUNG 0.5 PK,0.030536130536130537,False,False,5,6
Q002,exact,product_ac,bm25,Berapa harga AC Daikin Thailand 1 PK?,KDP027,1,KDP027,DAIKIN THAILAND - 1 PK,17.327628408474567,True,False,1,
Q002,exact,product_ac,bm25,Berapa harga AC Daikin Thailand 1 PK?,KDP027,2,KDP004,DAIKIN THAILAND - 0.5 PK,16.626872177031522,False,False,2,
Q002,exact,product_ac,bm25,Berapa harga AC Daikin Thailand 1 PK?,KDP027,3,KDP045,DAIKIN THAILAND - 2 PK,14.900271943696032,False,False,3,
Q002,exact,product_ac,bm25,Berapa harga AC Daikin Thailand 1 PK?,KDP027,4,KDP056,DAIKIN 2 PK,10.884431851667124,False,False,4,
Q002,exact,product_ac,bm25,Berapa harga AC Daikin Thailand 1 PK?,KDP027,5,KDP037,DAIKIN - 1.5 PK,9.883596871933284,False,False,5,
Q002,exact,product_ac,e5,Berapa harga AC Daikin Thailand 1 PK?,KDP027,1,KDP027,DAIKIN THAILAND - 1 PK,0.9211280345916748,True,False,,1
Q002,exact,product_ac,e5,Berapa harga AC Daikin Thailand 1 PK?,KDP027,2,KDP004,DAIKIN THAILAND - 0.5 PK,0.9030275940895081,False,False,,2
Q002,exact,product_ac,e5,Berapa harga AC Daikin Thailand 1 PK?,KDP027,3,KDP045,DAIKIN THAILAND - 2 PK,0.8991740942001343,False,False,,3
Q002,exact,product_ac,e5,Berapa harga AC Daikin Thailand 1 PK?,KDP027,4,KDP056,DAIKIN 2 PK,0.8756999969482422,False,False,,4
Q002,exact,product_ac,e5,Berapa harga AC Daikin Thailand 1 PK?,KDP027,5,KDP037,DAIKIN - 1.5 PK,0.8711773157119751,False,False,,5
Q002,exact,product_ac,hybrid_rrf,Berapa harga AC Daikin Thailand 1 PK?,KDP027,1,KDP027,DAIKIN THAILAND - 1 PK,0.03278688524590164,True,False,1,1
Q002,exact,product_ac,hybrid_rrf,Berapa harga AC Daikin Thailand 1 PK?,KDP027,2,KDP004,DAIKIN THAILAND - 0.5 PK,0.03225806451612903,False,False,2,2
Q002,exact,product_ac,hybrid_rrf,Berapa harga AC Daikin Thailand 1 PK?,KDP027,3,KDP045,DAIKIN THAILAND - 2 PK,0.031746031746031744,False,False,3,3
Q002,exact,product_ac,hybrid_rrf,Berapa harga AC Daikin Thailand 1 PK?,KDP027,4,KDP056,DAIKIN 2 PK,0.03125,False,False,4,4
Q002,exact,product_ac,hybrid_rrf,Berapa harga AC Daikin Thailand 1 PK?,KDP027,5,KDP037,DAIKIN - 1.5 PK,0.03076923076923077,False,False,5,5
Q003,exact,product_ac,bm25,Berapa harga AC Mitsubishi R32 2 PK?,KDP055,1,KDP055,MITSUBISHI R32 - 2 PK,14.084352935963386,True,False,1,
Q003,exact,product_ac,bm25,Berapa harga AC Mitsubishi R32 2 PK?,KDP055,2,KDP035,MITSHUBISHI R32 - 1.5 PK,11.713592358113532,False,False,2,
Q003,exact,product_ac,bm25,Berapa harga AC Mitsubishi R32 2 PK?,KDP055,3,KDP003,MITSUBISHI R32 - 0.5 PK,11.683002009539459,False,False,3,
Q003,exact,product_ac,bm25,Berapa harga AC Mitsubishi R32 2 PK?,KDP055,4,KDP026,MITSHUBISHI R32 - 1 PK,11.415599610376958,False,False,4,
Q003,exact,product_ac,bm25,Berapa harga AC Mitsubishi R32 2 PK?,KDP055,5,KDP044,MITSHUBISHI THAILAND - 2 PK,11.246649337002216,False,False,5,
Q003,exact,product_ac,e5,Berapa harga AC Mitsubishi R32 2 PK?,KDP055,1,KDP055,MITSUBISHI R32 - 2 PK,0.9154873490333557,True,False,,1
Q003,exact,product_ac,e5,Berapa harga AC Mitsubishi R32 2 PK?,KDP055,2,KDP026,MITSHUBISHI R32 - 1 PK,0.902434229850769,False,False,,2
Q003,exact,product_ac,e5,Berapa harga AC Mitsubishi R32 2 PK?,KDP055,3,KDP035,MITSHUBISHI R32 - 1.5 PK,0.8966615200042725,False,False,,3
Q003,exact,product_ac,e5,Berapa harga AC Mitsubishi R32 2 PK?,KDP055,4,KDP003,MITSUBISHI R32 - 0.5 PK,0.8943136930465698,False,False,,4
Q003,exact,product_ac,e5,Berapa harga AC Mitsubishi R32 2 PK?,KDP055,5,KDP044,MITSHUBISHI THAILAND - 2 PK,0.8629684448242188,False,False,,5
Q003,exact,product_ac,hybrid_rrf,Berapa harga AC Mitsubishi R32 2 PK?,KDP055,1,KDP055,MITSUBISHI R32 - 2 PK,0.03278688524590164,True,False,1,1
Q003,exact,product_ac,hybrid_rrf,Berapa harga AC Mitsubishi R32 2 PK?,KDP055,2,KDP035,MITSHUBISHI R32 - 1.5 PK,0.03200204813108039,False,False,2,3
Q003,exact,product_ac,hybrid_rrf,Berapa harga AC Mitsubishi R32 2 PK?,KDP055,3,KDP026,MITSHUBISHI R32 - 1 PK,0.031754032258064516,False,False,4,2
Q003,exact,product_ac,hybrid_rrf,Berapa harga AC Mitsubishi R32 2 PK?,KDP055,4,KDP003,MITSUBISHI R32 - 0.5 PK,0.03149801587301587,False,False,3,4
Q003,exact,product_ac,hybrid_rrf,Berapa harga AC Mitsubishi R32 2 PK?,KDP055,5,KDP044,MITSHUBISHI THAILAND - 2 PK,0.03076923076923077,False,False,5,5
Q004,exact,service_ac,bm25,Berapa biaya Cuci AC Split 0.5–1 PK?,SRVC001,1,SRVC001,Cuci AC Split - 0.5 - 1 PK,10.30246986970128,True,False,1,
Q004,exact,service_ac,bm25,Berapa biaya Cuci AC Split 0.5–1 PK?,SRVC001,2,SRVC002,Cuci AC Standing - 0.5 -1 PK,10.029820603028332,False,False,2,
Q004,exact,service_ac,bm25,Berapa biaya Cuci AC Split 0.5–1 PK?,SRVC001,3,SRVC003,Cuci AC Cassette - 0.5 -2 PK,9.593017683460447,False,False,3,
Q004,exact,service_ac,bm25,Berapa biaya Cuci AC Split 0.5–1 PK?,SRVC001,4,SRVC004,Cuci AC Cassette - 3 - 5 PK,8.948267644403145,False,False,4,
Q004,exact,service_ac,bm25,Berapa biaya Cuci AC Split 0.5–1 PK?,SRVC001,5,SRVC005,Cuci AC Split - 1.5 - 2 PK,8.87100925631961,False,False,5,
Q004,exact,service_ac,e5,Berapa biaya Cuci AC Split 0.5–1 PK?,SRVC001,1,SRVC001,Cuci AC Split - 0.5 - 1 PK,0.9290460348129272,True,False,,1
Q004,exact,service_ac,e5,Berapa biaya Cuci AC Split 0.5–1 PK?,SRVC001,2,SRVC005,Cuci AC Split - 1.5 - 2 PK,0.924267053604126,False,False,,2
Q004,exact,service_ac,e5,Berapa biaya Cuci AC Split 0.5–1 PK?,SRVC001,3,KDP052,SAMSUNG 0.5 PK,0.8908111453056335,False,False,,3
Q004,exact,service_ac,e5,Berapa biaya Cuci AC Split 0.5–1 PK?,SRVC001,4,SRVC021,Jasa Pasang AC Split - 0.5 - 1 PK,0.8905868530273438,False,False,,4
Q004,exact,service_ac,e5,Berapa biaya Cuci AC Split 0.5–1 PK?,SRVC001,5,KDP006,TOSHIBA - 0.5 PK,0.8893523216247559,False,False,,5
Q004,exact,service_ac,hybrid_rrf,Berapa biaya Cuci AC Split 0.5–1 PK?,SRVC001,1,SRVC001,Cuci AC Split - 0.5 - 1 PK,0.03278688524590164,True,False,1,1
Q004,exact,service_ac,hybrid_rrf,Berapa biaya Cuci AC Split 0.5–1 PK?,SRVC001,2,SRVC005,Cuci AC Split - 1.5 - 2 PK,0.0315136476426799,False,False,5,2
Q004,exact,service_ac,hybrid_rrf,Berapa biaya Cuci AC Split 0.5–1 PK?,SRVC001,3,KDP052,SAMSUNG 0.5 PK,0.03057889822595705,False,False,8,3
Q004,exact,service_ac,hybrid_rrf,Berapa biaya Cuci AC Split 0.5–1 PK?,SRVC001,4,KDP051,PANASONIC INDO - 0.5 PK,0.028985507246376812,False,False,9,9
Q004,exact,service_ac,hybrid_rrf,Berapa biaya Cuci AC Split 0.5–1 PK?,SRVC001,5,SRVC003,Cuci AC Cassette - 0.5 -2 PK,0.028373015873015873,False,False,3,20
Q005,exact,service_ac,bm25,Berapa biaya Jasa Pasang AC Split 1.5–2 PK?,SRVC022,1,KDP055,MITSUBISHI R32 - 2 PK,10.367863284206743,False,False,1,
Q005,exact,service_ac,bm25,Berapa biaya Jasa Pasang AC Split 1.5–2 PK?,SRVC022,2,KDP056,DAIKIN 2 PK,10.367863284206743,False,False,2,
Q005,exact,service_ac,bm25,Berapa biaya Jasa Pasang AC Split 1.5–2 PK?,SRVC022,3,KDP054,POLYTRON - 1.5 PK,10.347960032589674,False,False,3,
Q005,exact,service_ac,bm25,Berapa biaya Jasa Pasang AC Split 1.5–2 PK?,SRVC022,4,KDP038,HONSHU - 1.5 PK,8.950591096162404,False,False,4,
Q005,exact,service_ac,bm25,Berapa biaya Jasa Pasang AC Split 1.5–2 PK?,SRVC022,5,KDP048,MIDEA - 2 PK,8.764708162841977,False,False,5,
Q005,exact,service_ac,e5,Berapa biaya Jasa Pasang AC Split 1.5–2 PK?,SRVC022,1,SRVC021,Jasa Pasang AC Split - 0.5 - 1 PK,0.9378712177276611,False,False,,1
Q005,exact,service_ac,e5,Berapa biaya Jasa Pasang AC Split 1.5–2 PK?,SRVC022,2,SRVC022,Jasa Pasang AC Split - 1.5 - 2 PK,0.9376791715621948,True,False,,2
Q005,exact,service_ac,e5,Berapa biaya Jasa Pasang AC Split 1.5–2 PK?,SRVC022,3,SRVC074,"Pasang Indoor AC 1,5-2 PK",0.9244163036346436,False,False,,3
Q005,exact,service_ac,e5,Berapa biaya Jasa Pasang AC Split 1.5–2 PK?,SRVC022,4,KDP052,SAMSUNG 0.5 PK,0.9111599326133728,False,False,,4
Q005,exact,service_ac,e5,Berapa biaya Jasa Pasang AC Split 1.5–2 PK?,SRVC022,5,KDP054,POLYTRON - 1.5 PK,0.9088002443313599,False,False,,5
Q005,exact,service_ac,hybrid_rrf,Berapa biaya Jasa Pasang AC Split 1.5–2 PK?,SRVC022,1,KDP056,DAIKIN 2 PK,0.03128054740957967,False,False,2,6
Q005,exact,service_ac,hybrid_rrf,Berapa biaya Jasa Pasang AC Split 1.5–2 PK?,SRVC022,2,KDP054,POLYTRON - 1.5 PK,0.03125763125763126,False,False,3,5
Q005,exact,service_ac,hybrid_rrf,Berapa biaya Jasa Pasang AC Split 1.5–2 PK?,SRVC022,3,KDP055,MITSUBISHI R32 - 2 PK,0.030679156908665108,False,False,1,10
Q005,exact,service_ac,hybrid_rrf,Berapa biaya Jasa Pasang AC Split 1.5–2 PK?,SRVC022,4,SRVC074,"Pasang Indoor AC 1,5-2 PK",0.02976190476190476,False,False,12,3
Q005,exact,service_ac,hybrid_rrf,Berapa biaya Jasa Pasang AC Split 1.5–2 PK?,SRVC022,5,KDP038,HONSHU - 1.5 PK,0.0293236301369863,False,False,4,13
Q006,exact,service_ac,bm25,Berapa biaya Refill atau Isi Full Freon R-22 untuk AC 1.5–2 PK?,SRVC016,1,SRVC016,Refill / Isi Full Freon R-22 - 1.5 - 2 PK,28.019658144577928,True,False,1,
Q006,exact,service_ac,bm25,Berapa biaya Refill atau Isi Full Freon R-22 untuk AC 1.5–2 PK?,SRVC016,2,SRVC085,Refill / Isi Full Freon R-22 - 0.5 - 1 PK,25.43480836015256,False,False,2,
Q006,exact,service_ac,bm25,Berapa biaya Refill atau Isi Full Freon R-22 untuk AC 1.5–2 PK?,SRVC016,3,SRVC018,Refill / Isi Full Freon R-32 - 1.5 - 2 PK,22.271726380029044,False,False,3,
Q006,exact,service_ac,bm25,Berapa biaya Refill atau Isi Full Freon R-22 untuk AC 1.5–2 PK?,SRVC016,4,SRVC020,Refill / Isi Full Freon R-410 - 1.5 - 2 PK,22.271726380029044,False,False,4,
Q006,exact,service_ac,bm25,Berapa biaya Refill atau Isi Full Freon R-22 untuk AC 1.5–2 PK?,SRVC016,5,SRVC015,Penambah Freon R-22 - 1.5 - 2 PK,21.114406276024035,False,True,5,
Q006,exact,service_ac,e5,Berapa biaya Refill atau Isi Full Freon R-22 untuk AC 1.5–2 PK?,SRVC016,1,SRVC016,Refill / Isi Full Freon R-22 - 1.5 - 2 PK,0.937600314617157,True,False,,1
Q006,exact,service_ac,e5,Berapa biaya Refill atau Isi Full Freon R-22 untuk AC 1.5–2 PK?,SRVC016,2,SRVC085,Refill / Isi Full Freon R-22 - 0.5 - 1 PK,0.9374223947525024,False,False,,2
Q006,exact,service_ac,e5,Berapa biaya Refill atau Isi Full Freon R-22 untuk AC 1.5–2 PK?,SRVC016,3,SRVC018,Refill / Isi Full Freon R-32 - 1.5 - 2 PK,0.9224014282226562,False,False,,3
Q006,exact,service_ac,e5,Berapa biaya Refill atau Isi Full Freon R-22 untuk AC 1.5–2 PK?,SRVC016,4,SRVC017,Refill / Isi Full Freon R-32 - 0.5 - 1 PK,0.9214643836021423,False,False,,4
Q006,exact,service_ac,e5,Berapa biaya Refill atau Isi Full Freon R-22 untuk AC 1.5–2 PK?,SRVC016,5,SRVC019,Refill / Isi Full Freon R-410 - 0.5 - 1 PK,0.9116486310958862,False,False,,5
Q006,exact,service_ac,hybrid_rrf,Berapa biaya Refill atau Isi Full Freon R-22 untuk AC 1.5–2 PK?,SRVC016,1,SRVC016,Refill / Isi Full Freon R-22 - 1.5 - 2 PK,0.03278688524590164,True,False,1,1
Q006,exact,service_ac,hybrid_rrf,Berapa biaya Refill atau Isi Full Freon R-22 untuk AC 1.5–2 PK?,SRVC016,2,SRVC085,Refill / Isi Full Freon R-22 - 0.5 - 1 PK,0.03225806451612903,False,False,2,2
Q006,exact,service_ac,hybrid_rrf,Berapa biaya Refill atau Isi Full Freon R-22 untuk AC 1.5–2 PK?,SRVC016,3,SRVC018,Refill / Isi Full Freon R-32 - 1.5 - 2 PK,0.031746031746031744,False,False,3,3
Q006,exact,service_ac,hybrid_rrf,Berapa biaya Refill atau Isi Full Freon R-22 untuk AC 1.5–2 PK?,SRVC016,4,SRVC017,Refill / Isi Full Freon R-32 - 0.5 - 1 PK,0.030776515151515152,False,False,6,4
Q006,exact,service_ac,hybrid_rrf,Berapa biaya Refill atau Isi Full Freon R-22 untuk AC 1.5–2 PK?,SRVC016,5,SRVC020,Refill / Isi Full Freon R-410 - 1.5 - 2 PK,0.030776515151515152,False,False,4,6
Q007,exact,service_ac,bm25,Berapa biaya layanan Flushing Drain?,SRVC067,1,SRVC067,Flushing Drain,12.486055500327971,True,False,1,
Q007,exact,service_ac,bm25,Berapa biaya layanan Flushing Drain?,SRVC067,2,SRVC029,Flushing Refrigent R11,7.344205104581912,False,False,2,
Q007,exact,service_ac,bm25,Berapa biaya layanan Flushing Drain?,SRVC067,3,SRVC032,Pengelasan Atau Shock Pipa - 0.5 - 1 PK,3.159355257887597,False,False,3,
Q007,exact,service_ac,bm25,Berapa biaya layanan Flushing Drain?,SRVC067,4,SRVC033,Pengelasan Atau Shock Pipa - 1.5 - 2 PK,3.159355257887597,False,False,4,
Q007,exact,service_ac,bm25,Berapa biaya layanan Flushing Drain?,SRVC067,5,SRVC008,Pengecekan AC - 1.5 - 2 PK,2.970535025232503,False,False,5,
Q007,exact,service_ac,e5,Berapa biaya layanan Flushing Drain?,SRVC067,1,SRVC067,Flushing Drain,0.8965328335762024,True,False,,1
Q007,exact,service_ac,e5,Berapa biaya layanan Flushing Drain?,SRVC067,2,SRVC029,Flushing Refrigent R11,0.8630163073539734,False,False,,2
Q007,exact,service_ac,e5,Berapa biaya layanan Flushing Drain?,SRVC067,3,SRVC068,Flaring,0.8390209674835205,False,False,,3
Q007,exact,service_ac,e5,Berapa biaya layanan Flushing Drain?,SRVC067,4,SRVC083,Instalasi Pipa Refrigeran (/meter),0.8272702693939209,False,False,,4
Q007,exact,service_ac,e5,Berapa biaya layanan Flushing Drain?,SRVC067,5,SRVC093,Instalasi Jalur Pembuangan AC,0.8266159296035767,False,False,,5
Q007,exact,service_ac,hybrid_rrf,Berapa biaya layanan Flushing Drain?,SRVC067,1,SRVC067,Flushing Drain,0.03278688524590164,True,False,1,1
Q007,exact,service_ac,hybrid_rrf,Berapa biaya layanan Flushing Drain?,SRVC067,2,SRVC029,Flushing Refrigent R11,0.03225806451612903,False,False,2,2
Q007,exact,service_ac,hybrid_rrf,Berapa biaya layanan Flushing Drain?,SRVC067,3,SRVC032,Pengelasan Atau Shock Pipa - 0.5 - 1 PK,0.026289682539682536,False,False,3,36
Q007,exact,service_ac,hybrid_rrf,Berapa biaya layanan Flushing Drain?,SRVC067,4,SRVC033,Pengelasan Atau Shock Pipa - 1.5 - 2 PK,0.026151315789473682,False,False,4,35
Q007,exact,service_ac,hybrid_rrf,Berapa biaya layanan Flushing Drain?,SRVC067,5,SRVC073,Bongkar Outdoor AC 1.5 - 2 PK,0.024288588674906582,False,False,11,38
Q008,exact,cctv,bm25,Berapa harga Paket HIKVISION 4 Kamera Indoor?,SRVC043,1,SRVC043,Paket HIKVISION - 4 Kamera Indoor,15.057851484888662,True,False,1,
Q008,exact,cctv,bm25,Berapa harga Paket HIKVISION 4 Kamera Indoor?,SRVC043,2,SRVC061,Paket HIKVISION - 16 Kamera (12 Indoor + 4 Outdoor),15.034068428104058,False,False,2,
Q008,exact,cctv,bm25,Berapa harga Paket HIKVISION 4 Kamera Indoor?,SRVC043,3,SRVC046,Paket HIKVISION - 4 Kamera (2 Indoor + 2 Outdoor),14.606684881128196,False,False,3,
Q008,exact,cctv,bm25,Berapa harga Paket HIKVISION 4 Kamera Indoor?,SRVC043,4,SRVC055,Paket HIKVISION - 12 Kamera Indoor,12.516618089742435,False,False,4,
Q008,exact,cctv,bm25,Berapa harga Paket HIKVISION 4 Kamera Indoor?,SRVC043,5,SRVC058,Paket HIKVISION - 12 Kamera (10 Indoor + 2 Outdoor),12.374442228006586,False,False,5,
Q008,exact,cctv,e5,Berapa harga Paket HIKVISION 4 Kamera Indoor?,SRVC043,1,SRVC043,Paket HIKVISION - 4 Kamera Indoor,0.8932236433029175,True,False,,1
Q008,exact,cctv,e5,Berapa harga Paket HIKVISION 4 Kamera Indoor?,SRVC043,2,SRVC049,Paket HIKVISION - 8 Kamera Indoor,0.8929331302642822,False,False,,2
Q008,exact,cctv,e5,Berapa harga Paket HIKVISION 4 Kamera Indoor?,SRVC043,3,SRVC061,Paket HIKVISION - 16 Kamera (12 Indoor + 4 Outdoor),0.8896653652191162,False,False,,3
Q008,exact,cctv,e5,Berapa harga Paket HIKVISION 4 Kamera Indoor?,SRVC043,4,SRVC055,Paket HIKVISION - 12 Kamera Indoor,0.8889141082763672,False,False,,4
Q008,exact,cctv,e5,Berapa harga Paket HIKVISION 4 Kamera Indoor?,SRVC043,5,SRVC058,Paket HIKVISION - 12 Kamera (10 Indoor + 2 Outdoor),0.8883435726165771,False,False,,5
Q008,exact,cctv,hybrid_rrf,Berapa harga Paket HIKVISION 4 Kamera Indoor?,SRVC043,1,SRVC043,Paket HIKVISION - 4 Kamera Indoor,0.03278688524590164,True,False,1,1
Q008,exact,cctv,hybrid_rrf,Berapa harga Paket HIKVISION 4 Kamera Indoor?,SRVC043,2,SRVC061,Paket HIKVISION - 16 Kamera (12 Indoor + 4 Outdoor),0.03200204813108039,False,False,2,3
Q008,exact,cctv,hybrid_rrf,Berapa harga Paket HIKVISION 4 Kamera Indoor?,SRVC043,3,SRVC055,Paket HIKVISION - 12 Kamera Indoor,0.03125,False,False,4,4
Q008,exact,cctv,hybrid_rrf,Berapa harga Paket HIKVISION 4 Kamera Indoor?,SRVC043,4,SRVC049,Paket HIKVISION - 8 Kamera Indoor,0.031054405392392875,False,False,7,2
Q008,exact,cctv,hybrid_rrf,Berapa harga Paket HIKVISION 4 Kamera Indoor?,SRVC043,5,SRVC046,Paket HIKVISION - 4 Kamera (2 Indoor + 2 Outdoor),0.031024531024531024,False,False,3,6
Q009,exact,cctv,bm25,Berapa harga Paket DAHUA 8 Kamera dengan 6 indoor dan 2 outdoor?,SRVC053,1,SRVC053,Paket DAHUA - 8 Kamera (6 Indoor + 2 Outdoor),26.381058520849425,True,False,1,
Q009,exact,cctv,bm25,Berapa harga Paket DAHUA 8 Kamera dengan 6 indoor dan 2 outdoor?,SRVC053,2,SRVC051,Paket SPC - 8 Kamera (6 Indoor + 2 Outdoor),23.030368461028385,False,True,2,
Q009,exact,cctv,bm25,Berapa harga Paket DAHUA 8 Kamera dengan 6 indoor dan 2 outdoor?,SRVC053,3,SRVC052,Paket HIKVISION - 8 Kamera (6 Indoor + 2 Outdoor),21.50009166632403,False,True,3,
Q009,exact,cctv,bm25,Berapa harga Paket DAHUA 8 Kamera dengan 6 indoor dan 2 outdoor?,SRVC053,4,SRVC050,Paket DAHUA - 8 Kamera Indoor,20.69562921729995,False,True,4,
Q009,exact,cctv,bm25,Berapa harga Paket DAHUA 8 Kamera dengan 6 indoor dan 2 outdoor?,SRVC053,5,SRVC047,Paket DAHUA - 4 Kamera (2 Indoor + 2 Outdoor),19.59081938335718,False,False,5,
Q009,exact,cctv,e5,Berapa harga Paket DAHUA 8 Kamera dengan 6 indoor dan 2 outdoor?,SRVC053,1,SRVC053,Paket DAHUA - 8 Kamera (6 Indoor + 2 Outdoor),0.8810553550720215,True,False,,1
Q009,exact,cctv,e5,Berapa harga Paket DAHUA 8 Kamera dengan 6 indoor dan 2 outdoor?,SRVC053,2,SRVC059,Paket DAHUA - 12 Kamera (10 Indoor + 2 Outdoor),0.8784765005111694,False,False,,2
Q009,exact,cctv,e5,Berapa harga Paket DAHUA 8 Kamera dengan 6 indoor dan 2 outdoor?,SRVC053,3,SRVC051,Paket SPC - 8 Kamera (6 Indoor + 2 Outdoor),0.8770791292190552,False,True,,3
Q009,exact,cctv,e5,Berapa harga Paket DAHUA 8 Kamera dengan 6 indoor dan 2 outdoor?,SRVC053,4,SRVC062,Paket DAHUA - 16 Kamera (12 Indoor + 4 Outdoor),0.8765591979026794,False,False,,4
Q009,exact,cctv,e5,Berapa harga Paket DAHUA 8 Kamera dengan 6 indoor dan 2 outdoor?,SRVC053,5,SRVC047,Paket DAHUA - 4 Kamera (2 Indoor + 2 Outdoor),0.8764616250991821,False,False,,5
Q009,exact,cctv,hybrid_rrf,Berapa harga Paket DAHUA 8 Kamera dengan 6 indoor dan 2 outdoor?,SRVC053,1,SRVC053,Paket DAHUA - 8 Kamera (6 Indoor + 2 Outdoor),0.03278688524590164,True,False,1,1
Q009,exact,cctv,hybrid_rrf,Berapa harga Paket DAHUA 8 Kamera dengan 6 indoor dan 2 outdoor?,SRVC053,2,SRVC051,Paket SPC - 8 Kamera (6 Indoor + 2 Outdoor),0.03200204813108039,False,True,2,3
Q009,exact,cctv,hybrid_rrf,Berapa harga Paket DAHUA 8 Kamera dengan 6 indoor dan 2 outdoor?,SRVC053,3,SRVC059,Paket DAHUA - 12 Kamera (10 Indoor + 2 Outdoor),0.031054405392392875,False,False,7,2
Q009,exact,cctv,hybrid_rrf,Berapa harga Paket DAHUA 8 Kamera dengan 6 indoor dan 2 outdoor?,SRVC053,4,SRVC050,Paket DAHUA - 8 Kamera Indoor,0.030776515151515152,False,True,4,6
Q009,exact,cctv,hybrid_rrf,Berapa harga Paket DAHUA 8 Kamera dengan 6 indoor dan 2 outdoor?,SRVC053,5,SRVC062,Paket DAHUA - 16 Kamera (12 Indoor + 4 Outdoor),0.030776515151515152,False,False,6,4
Q010,exact,cctv,bm25,Berapa harga Paket SPC 16 Kamera dengan 12 indoor dan 4 outdoor?,SRVC060,1,SRVC060,Paket SPC - 16 Kamera (12 Indoor + 4 Outdoor),27.48450863146269,True,False,1,
Q010,exact,cctv,bm25,Berapa harga Paket SPC 16 Kamera dengan 12 indoor dan 4 outdoor?,SRVC060,2,SRVC057,Paket SPC - 12 Kamera (10 Indoor + 2 Outdoor),25.273813695465478,False,False,2,
Q010,exact,cctv,bm25,Berapa harga Paket SPC 16 Kamera dengan 12 indoor dan 4 outdoor?,SRVC060,3,SRVC054,Paket SPC - 12 Kamera Indoor,23.514654170738858,False,False,3,
Q010,exact,cctv,bm25,Berapa harga Paket SPC 16 Kamera dengan 12 indoor dan 4 outdoor?,SRVC060,4,SRVC062,Paket DAHUA - 16 Kamera (12 Indoor + 4 Outdoor),22.66302798877307,False,True,4,
Q010,exact,cctv,bm25,Berapa harga Paket SPC 16 Kamera dengan 12 indoor dan 4 outdoor?,SRVC060,5,SRVC061,Paket HIKVISION - 16 Kamera (12 Indoor + 4 Outdoor),21.918274694855295,False,True,5,
Q010,exact,cctv,e5,Berapa harga Paket SPC 16 Kamera dengan 12 indoor dan 4 outdoor?,SRVC060,1,SRVC057,Paket SPC - 12 Kamera (10 Indoor + 2 Outdoor),0.90376216173172,False,False,,1
Q010,exact,cctv,e5,Berapa harga Paket SPC 16 Kamera dengan 12 indoor dan 4 outdoor?,SRVC060,2,SRVC060,Paket SPC - 16 Kamera (12 Indoor + 4 Outdoor),0.8978298902511597,True,False,,2
Q010,exact,cctv,e5,Berapa harga Paket SPC 16 Kamera dengan 12 indoor dan 4 outdoor?,SRVC060,3,SRVC045,Paket SPC - 4 Kamera (2 Indoor + 2 Outdoor),0.8921700716018677,False,False,,3
Q010,exact,cctv,e5,Berapa harga Paket SPC 16 Kamera dengan 12 indoor dan 4 outdoor?,SRVC060,4,SRVC051,Paket SPC - 8 Kamera (6 Indoor + 2 Outdoor),0.8892669081687927,False,False,,4
Q010,exact,cctv,e5,Berapa harga Paket SPC 16 Kamera dengan 12 indoor dan 4 outdoor?,SRVC060,5,SRVC054,Paket SPC - 12 Kamera Indoor,0.8877661228179932,False,False,,5
Q010,exact,cctv,hybrid_rrf,Berapa harga Paket SPC 16 Kamera dengan 12 indoor dan 4 outdoor?,SRVC060,1,SRVC057,Paket SPC - 12 Kamera (10 Indoor + 2 Outdoor),0.03252247488101534,False,False,2,1
Q010,exact,cctv,hybrid_rrf,Berapa harga Paket SPC 16 Kamera dengan 12 indoor dan 4 outdoor?,SRVC060,2,SRVC060,Paket SPC - 16 Kamera (12 Indoor + 4 Outdoor),0.03252247488101534,True,False,1,2
Q010,exact,cctv,hybrid_rrf,Berapa harga Paket SPC 16 Kamera dengan 12 indoor dan 4 outdoor?,SRVC060,3,SRVC054,Paket SPC - 12 Kamera Indoor,0.03125763125763126,False,False,3,5
Q010,exact,cctv,hybrid_rrf,Berapa harga Paket SPC 16 Kamera dengan 12 indoor dan 4 outdoor?,SRVC060,4,SRVC045,Paket SPC - 4 Kamera (2 Indoor + 2 Outdoor),0.031024531024531024,False,False,6,3
Q010,exact,cctv,hybrid_rrf,Berapa harga Paket SPC 16 Kamera dengan 12 indoor dan 4 outdoor?,SRVC060,5,SRVC051,Paket SPC - 8 Kamera (6 Indoor + 2 Outdoor),0.030330882352941176,False,False,8,4
Q011,semantic,product_ac,bm25,"Saya butuh AC 0.5 PK untuk kamar tidur yang sangat senyap, sekitar 25 dB, supaya tidak mengganggu tidur. Ada yang cocok?",KDP004,1,KDP004,DAIKIN THAILAND - 0.5 PK,41.42784332570791,True,False,1,
Q011,semantic,product_ac,bm25,"Saya butuh AC 0.5 PK untuk kamar tidur yang sangat senyap, sekitar 25 dB, supaya tidak mengganggu tidur. Ada yang cocok?",KDP004,2,KDP027,DAIKIN THAILAND - 1 PK,26.890270799429135,False,False,2,
Q011,semantic,product_ac,bm25,"Saya butuh AC 0.5 PK untuk kamar tidur yang sangat senyap, sekitar 25 dB, supaya tidak mengganggu tidur. Ada yang cocok?",KDP004,3,KDP005,HONSHU - 0.5 PK,22.32016078001316,False,False,3,
Q011,semantic,product_ac,bm25,"Saya butuh AC 0.5 PK untuk kamar tidur yang sangat senyap, sekitar 25 dB, supaya tidak mengganggu tidur. Ada yang cocok?",KDP004,4,KDP028,HONSHU - 1 PK,18.464053224470064,False,False,4,
Q011,semantic,product_ac,bm25,"Saya butuh AC 0.5 PK untuk kamar tidur yang sangat senyap, sekitar 25 dB, supaya tidak mengganggu tidur. Ada yang cocok?",KDP004,5,KDP009,REIWA - 0.5 PK,15.5001169474507,False,False,5,
Q011,semantic,product_ac,e5,"Saya butuh AC 0.5 PK untuk kamar tidur yang sangat senyap, sekitar 25 dB, supaya tidak mengganggu tidur. Ada yang cocok?",KDP004,1,KDP005,HONSHU - 0.5 PK,0.8611605167388916,False,False,,1
Q011,semantic,product_ac,e5,"Saya butuh AC 0.5 PK untuk kamar tidur yang sangat senyap, sekitar 25 dB, supaya tidak mengganggu tidur. Ada yang cocok?",KDP004,2,KDP004,DAIKIN THAILAND - 0.5 PK,0.8610309362411499,True,False,,2
Q011,semantic,product_ac,e5,"Saya butuh AC 0.5 PK untuk kamar tidur yang sangat senyap, sekitar 25 dB, supaya tidak mengganggu tidur. Ada yang cocok?",KDP004,3,KDP028,HONSHU - 1 PK,0.8509604930877686,False,False,,3
Q011,semantic,product_ac,e5,"Saya butuh AC 0.5 PK untuk kamar tidur yang sangat senyap, sekitar 25 dB, supaya tidak mengganggu tidur. Ada yang cocok?",KDP004,4,KDP009,REIWA - 0.5 PK,0.8485958576202393,False,False,,4
Q011,semantic,product_ac,e5,"Saya butuh AC 0.5 PK untuk kamar tidur yang sangat senyap, sekitar 25 dB, supaya tidak mengganggu tidur. Ada yang cocok?",KDP004,5,KDP018,BEKO - 0.5 PK,0.8439757823944092,False,False,,5
Q011,semantic,product_ac,hybrid_rrf,"Saya butuh AC 0.5 PK untuk kamar tidur yang sangat senyap, sekitar 25 dB, supaya tidak mengganggu tidur. Ada yang cocok?",KDP004,1,KDP004,DAIKIN THAILAND - 0.5 PK,0.03252247488101534,True,False,1,2
Q011,semantic,product_ac,hybrid_rrf,"Saya butuh AC 0.5 PK untuk kamar tidur yang sangat senyap, sekitar 25 dB, supaya tidak mengganggu tidur. Ada yang cocok?",KDP004,2,KDP005,HONSHU - 0.5 PK,0.032266458495966696,False,False,3,1
Q011,semantic,product_ac,hybrid_rrf,"Saya butuh AC 0.5 PK untuk kamar tidur yang sangat senyap, sekitar 25 dB, supaya tidak mengganggu tidur. Ada yang cocok?",KDP004,3,KDP028,HONSHU - 1 PK,0.03149801587301587,False,False,4,3
Q011,semantic,product_ac,hybrid_rrf,"Saya butuh AC 0.5 PK untuk kamar tidur yang sangat senyap, sekitar 25 dB, supaya tidak mengganggu tidur. Ada yang cocok?",KDP004,4,KDP009,REIWA - 0.5 PK,0.031009615384615385,False,False,5,4
Q011,semantic,product_ac,hybrid_rrf,"Saya butuh AC 0.5 PK untuk kamar tidur yang sangat senyap, sekitar 25 dB, supaya tidak mengganggu tidur. Ada yang cocok?",KDP004,5,KDP027,DAIKIN THAILAND - 1 PK,0.030621785881252923,False,False,2,9
Q012,semantic,product_ac,bm25,Saya ingin AC 0.5 PK yang bisa membersihkan evaporator secara otomatis dengan proses pembekuan dan memiliki sensor suhu pada remote.,KDP007,1,KDP007,GREE - 0.5 PK,29.171621769820103,True,False,1,
Q012,semantic,product_ac,bm25,Saya ingin AC 0.5 PK yang bisa membersihkan evaporator secara otomatis dengan proses pembekuan dan memiliki sensor suhu pada remote.,KDP007,2,KDP029,GREE - 1 PK,28.9256840797497,False,True,2,
Q012,semantic,product_ac,bm25,Saya ingin AC 0.5 PK yang bisa membersihkan evaporator secara otomatis dengan proses pembekuan dan memiliki sensor suhu pada remote.,KDP007,3,KDP025,AQUA - 1 PK,21.680865125018677,False,False,3,
Q012,semantic,product_ac,bm25,Saya ingin AC 0.5 PK yang bisa membersihkan evaporator secara otomatis dengan proses pembekuan dan memiliki sensor suhu pada remote.,KDP007,4,KDP043,AQUA - 2 PK,20.999057724330836,False,False,4,
Q012,semantic,product_ac,bm25,Saya ingin AC 0.5 PK yang bisa membersihkan evaporator secara otomatis dengan proses pembekuan dan memiliki sensor suhu pada remote.,KDP007,5,SRVC071,Sensor AC,20.801428112842494,False,False,5,
Q012,semantic,product_ac,e5,Saya ingin AC 0.5 PK yang bisa membersihkan evaporator secara otomatis dengan proses pembekuan dan memiliki sensor suhu pada remote.,KDP007,1,KDP007,GREE - 0.5 PK,0.8400803804397583,True,False,,1
Q012,semantic,product_ac,e5,Saya ingin AC 0.5 PK yang bisa membersihkan evaporator secara otomatis dengan proses pembekuan dan memiliki sensor suhu pada remote.,KDP007,2,KDP029,GREE - 1 PK,0.8365584015846252,False,True,,2
Q012,semantic,product_ac,e5,Saya ingin AC 0.5 PK yang bisa membersihkan evaporator secara otomatis dengan proses pembekuan dan memiliki sensor suhu pada remote.,KDP007,3,KDP018,BEKO - 0.5 PK,0.8329135179519653,False,False,,3
Q012,semantic,product_ac,e5,Saya ingin AC 0.5 PK yang bisa membersihkan evaporator secara otomatis dengan proses pembekuan dan memiliki sensor suhu pada remote.,KDP007,4,SRVC071,Sensor AC,0.8325538635253906,False,False,,4
Q012,semantic,product_ac,e5,Saya ingin AC 0.5 PK yang bisa membersihkan evaporator secara otomatis dengan proses pembekuan dan memiliki sensor suhu pada remote.,KDP007,5,KDP001,Sharp - 0.5 PK,0.8315117955207825,False,False,,5
Q012,semantic,product_ac,hybrid_rrf,Saya ingin AC 0.5 PK yang bisa membersihkan evaporator secara otomatis dengan proses pembekuan dan memiliki sensor suhu pada remote.,KDP007,1,KDP007,GREE - 0.5 PK,0.03278688524590164,True,False,1,1
Q012,semantic,product_ac,hybrid_rrf,Saya ingin AC 0.5 PK yang bisa membersihkan evaporator secara otomatis dengan proses pembekuan dan memiliki sensor suhu pada remote.,KDP007,2,KDP029,GREE - 1 PK,0.03225806451612903,False,True,2,2
Q012,semantic,product_ac,hybrid_rrf,Saya ingin AC 0.5 PK yang bisa membersihkan evaporator secara otomatis dengan proses pembekuan dan memiliki sensor suhu pada remote.,KDP007,3,SRVC071,Sensor AC,0.031009615384615385,False,False,5,4
Q012,semantic,product_ac,hybrid_rrf,Saya ingin AC 0.5 PK yang bisa membersihkan evaporator secara otomatis dengan proses pembekuan dan memiliki sensor suhu pada remote.,KDP007,4,KDP025,AQUA - 1 PK,0.03057889822595705,False,False,3,8
Q012,semantic,product_ac,hybrid_rrf,Saya ingin AC 0.5 PK yang bisa membersihkan evaporator secara otomatis dengan proses pembekuan dan memiliki sensor suhu pada remote.,KDP007,5,KDP018,BEKO - 0.5 PK,0.02976190476190476,False,False,12,3
Q013,semantic,product_ac,bm25,"Saya mencari AC 0.5 PK yang membantu mengurangi bakteri dan bau, memiliki lapisan agar debu tidak mudah menempel di evaporator, serta bisa mengeringkan unit indoor secara otomatis.",KDP006,1,KDP006,TOSHIBA - 0.5 PK,29.2931399118122,True,False,1,
Q013,semantic,product_ac,bm25,"Saya mencari AC 0.5 PK yang membantu mengurangi bakteri dan bau, memiliki lapisan agar debu tidak mudah menempel di evaporator, serta bisa mengeringkan unit indoor secara otomatis.",KDP006,2,SRVC001,Cuci AC Split - 0.5 - 1 PK,25.413188839782276,False,False,2,
Q013,semantic,product_ac,bm25,"Saya mencari AC 0.5 PK yang membantu mengurangi bakteri dan bau, memiliki lapisan agar debu tidak mudah menempel di evaporator, serta bisa mengeringkan unit indoor secara otomatis.",KDP006,3,SRVC090,Dinamo Swing Ac Indoor,18.981617515626716,False,False,3,
Q013,semantic,product_ac,bm25,"Saya mencari AC 0.5 PK yang membantu mengurangi bakteri dan bau, memiliki lapisan agar debu tidak mudah menempel di evaporator, serta bisa mengeringkan unit indoor secara otomatis.",KDP006,4,SRVC084,Overload,18.87875390861057,False,False,4,
Q013,semantic,product_ac,bm25,"Saya mencari AC 0.5 PK yang membantu mengurangi bakteri dan bau, memiliki lapisan agar debu tidak mudah menempel di evaporator, serta bisa mengeringkan unit indoor secara otomatis.",KDP006,5,SRVC092,Karet Bearing AC Indoor,18.280518596687656,False,False,5,
Q013,semantic,product_ac,e5,"Saya mencari AC 0.5 PK yang membantu mengurangi bakteri dan bau, memiliki lapisan agar debu tidak mudah menempel di evaporator, serta bisa mengeringkan unit indoor secara otomatis.",KDP006,1,KDP006,TOSHIBA - 0.5 PK,0.8298203945159912,True,False,,1
Q013,semantic,product_ac,e5,"Saya mencari AC 0.5 PK yang membantu mengurangi bakteri dan bau, memiliki lapisan agar debu tidak mudah menempel di evaporator, serta bisa mengeringkan unit indoor secara otomatis.",KDP006,2,KDP018,BEKO - 0.5 PK,0.8288002014160156,False,False,,2
Q013,semantic,product_ac,e5,"Saya mencari AC 0.5 PK yang membantu mengurangi bakteri dan bau, memiliki lapisan agar debu tidak mudah menempel di evaporator, serta bisa mengeringkan unit indoor secara otomatis.",KDP006,3,KDP001,Sharp - 0.5 PK,0.8281717896461487,False,False,,3
Q013,semantic,product_ac,e5,"Saya mencari AC 0.5 PK yang membantu mengurangi bakteri dan bau, memiliki lapisan agar debu tidak mudah menempel di evaporator, serta bisa mengeringkan unit indoor secara otomatis.",KDP006,4,KDP007,GREE - 0.5 PK,0.8270079493522644,False,False,,4
Q013,semantic,product_ac,e5,"Saya mencari AC 0.5 PK yang membantu mengurangi bakteri dan bau, memiliki lapisan agar debu tidak mudah menempel di evaporator, serta bisa mengeringkan unit indoor secara otomatis.",KDP006,5,KDP033,SHARP THAILAND - 1.5 PK,0.8235565423965454,False,False,,5
Q013,semantic,product_ac,hybrid_rrf,"Saya mencari AC 0.5 PK yang membantu mengurangi bakteri dan bau, memiliki lapisan agar debu tidak mudah menempel di evaporator, serta bisa mengeringkan unit indoor secara otomatis.",KDP006,1,KDP006,TOSHIBA - 0.5 PK,0.03278688524590164,True,False,1,1
Q013,semantic,product_ac,hybrid_rrf,"Saya mencari AC 0.5 PK yang membantu mengurangi bakteri dan bau, memiliki lapisan agar debu tidak mudah menempel di evaporator, serta bisa mengeringkan unit indoor secara otomatis.",KDP006,2,SRVC001,Cuci AC Split - 0.5 - 1 PK,0.03021353930031804,False,False,2,11
Q013,semantic,product_ac,hybrid_rrf,"Saya mencari AC 0.5 PK yang membantu mengurangi bakteri dan bau, memiliki lapisan agar debu tidak mudah menempel di evaporator, serta bisa mengeringkan unit indoor secara otomatis.",KDP006,3,KDP007,GREE - 0.5 PK,0.029709507042253523,False,False,11,4
Q013,semantic,product_ac,hybrid_rrf,"Saya mencari AC 0.5 PK yang membantu mengurangi bakteri dan bau, memiliki lapisan agar debu tidak mudah menempel di evaporator, serta bisa mengeringkan unit indoor secara otomatis.",KDP006,4,KDP017,MIDEA - 0.5 PK,0.02964426877470356,False,False,6,9
Q013,semantic,product_ac,hybrid_rrf,"Saya mencari AC 0.5 PK yang membantu mengurangi bakteri dan bau, memiliki lapisan agar debu tidak mudah menempel di evaporator, serta bisa mengeringkan unit indoor secara otomatis.",KDP006,5,KDP029,GREE - 1 PK,0.028850145288501453,False,False,13,6
Q014,semantic,service_ac,bm25,"AC Split 1 PK saya terasa kurang dingin, bau tidak sedap, dan filternya penuh debu. Layanan apa yang sesuai?",SRVC001,1,SRVC001,Cuci AC Split - 0.5 - 1 PK,30.504842644774815,True,False,1,
Q014,semantic,service_ac,bm25,"AC Split 1 PK saya terasa kurang dingin, bau tidak sedap, dan filternya penuh debu. Layanan apa yang sesuai?",SRVC001,2,SRVC094,Service Fin Evaporator AC,18.51467371278533,False,False,2,
Q014,semantic,service_ac,bm25,"AC Split 1 PK saya terasa kurang dingin, bau tidak sedap, dan filternya penuh debu. Layanan apa yang sesuai?",SRVC001,3,SRVC002,Cuci AC Standing - 0.5 -1 PK,18.207605325923574,False,False,3,
Q014,semantic,service_ac,bm25,"AC Split 1 PK saya terasa kurang dingin, bau tidak sedap, dan filternya penuh debu. Layanan apa yang sesuai?",SRVC001,4,SRVC007,Cuci AC Standing - 1.5 - 2 PK,17.987771653508577,False,False,4,
Q014,semantic,service_ac,bm25,"AC Split 1 PK saya terasa kurang dingin, bau tidak sedap, dan filternya penuh debu. Layanan apa yang sesuai?",SRVC001,5,SRVC005,Cuci AC Split - 1.5 - 2 PK,16.5093583138056,False,True,5,
Q014,semantic,service_ac,e5,"AC Split 1 PK saya terasa kurang dingin, bau tidak sedap, dan filternya penuh debu. Layanan apa yang sesuai?",SRVC001,1,SRVC001,Cuci AC Split - 0.5 - 1 PK,0.9027652144432068,True,False,,1
Q014,semantic,service_ac,e5,"AC Split 1 PK saya terasa kurang dingin, bau tidak sedap, dan filternya penuh debu. Layanan apa yang sesuai?",SRVC001,2,SRVC005,Cuci AC Split - 1.5 - 2 PK,0.8913091421127319,False,True,,2
Q014,semantic,service_ac,e5,"AC Split 1 PK saya terasa kurang dingin, bau tidak sedap, dan filternya penuh debu. Layanan apa yang sesuai?",SRVC001,3,SRVC025,Bongkar AC Split - 0.5 - 1 PK,0.8871126770973206,False,False,,3
Q014,semantic,service_ac,e5,"AC Split 1 PK saya terasa kurang dingin, bau tidak sedap, dan filternya penuh debu. Layanan apa yang sesuai?",SRVC001,4,KDP018,BEKO - 0.5 PK,0.8843266367912292,False,False,,4
Q014,semantic,service_ac,e5,"AC Split 1 PK saya terasa kurang dingin, bau tidak sedap, dan filternya penuh debu. Layanan apa yang sesuai?",SRVC001,5,SRVC021,Jasa Pasang AC Split - 0.5 - 1 PK,0.8834114670753479,False,False,,5
Q014,semantic,service_ac,hybrid_rrf,"AC Split 1 PK saya terasa kurang dingin, bau tidak sedap, dan filternya penuh debu. Layanan apa yang sesuai?",SRVC001,1,SRVC001,Cuci AC Split - 0.5 - 1 PK,0.03278688524590164,True,False,1,1
Q014,semantic,service_ac,hybrid_rrf,"AC Split 1 PK saya terasa kurang dingin, bau tidak sedap, dan filternya penuh debu. Layanan apa yang sesuai?",SRVC001,2,SRVC005,Cuci AC Split - 1.5 - 2 PK,0.0315136476426799,False,True,5,2
Q014,semantic,service_ac,hybrid_rrf,"AC Split 1 PK saya terasa kurang dingin, bau tidak sedap, dan filternya penuh debu. Layanan apa yang sesuai?",SRVC001,3,KDP006,TOSHIBA - 0.5 PK,0.03007688828584351,False,False,6,7
Q014,semantic,service_ac,hybrid_rrf,"AC Split 1 PK saya terasa kurang dingin, bau tidak sedap, dan filternya penuh debu. Layanan apa yang sesuai?",SRVC001,4,SRVC002,Cuci AC Standing - 0.5 -1 PK,0.028531243721117136,False,False,3,19
Q014,semantic,service_ac,hybrid_rrf,"AC Split 1 PK saya terasa kurang dingin, bau tidak sedap, dan filternya penuh debu. Layanan apa yang sesuai?",SRVC001,5,SRVC077,"Pasang Indoor AC 0,5-1 PK",0.027984344422700584,False,False,13,10
Q015,semantic,service_ac,bm25,"AC saya sering mati-nyala sendiri, kompresornya bekerja terlalu lama atau tidak stabil, dan konsumsi listrik meningkat. Komponen apa yang sebaiknya diperiksa?",SRVC037,1,SRVC084,Overload,27.255280551379997,False,False,1,
Q015,semantic,service_ac,bm25,"AC saya sering mati-nyala sendiri, kompresornya bekerja terlalu lama atau tidak stabil, dan konsumsi listrik meningkat. Komponen apa yang sebaiknya diperiksa?",SRVC037,2,SRVC037,Thermistor,26.641221600480755,True,False,2,
Q015,semantic,service_ac,bm25,"AC saya sering mati-nyala sendiri, kompresornya bekerja terlalu lama atau tidak stabil, dan konsumsi listrik meningkat. Komponen apa yang sebaiknya diperiksa?",SRVC037,3,SRVC071,Sensor AC,23.60126424046148,False,False,3,
Q015,semantic,service_ac,bm25,"AC saya sering mati-nyala sendiri, kompresornya bekerja terlalu lama atau tidak stabil, dan konsumsi listrik meningkat. Komponen apa yang sebaiknya diperiksa?",SRVC037,4,SRVC001,Cuci AC Split - 0.5 - 1 PK,20.404745006177862,False,False,4,
Q015,semantic,service_ac,bm25,"AC saya sering mati-nyala sendiri, kompresornya bekerja terlalu lama atau tidak stabil, dan konsumsi listrik meningkat. Komponen apa yang sebaiknya diperiksa?",SRVC037,5,SRVC008,Pengecekan AC - 1.5 - 2 PK,15.152203272132335,False,False,5,
Q015,semantic,service_ac,e5,"AC saya sering mati-nyala sendiri, kompresornya bekerja terlalu lama atau tidak stabil, dan konsumsi listrik meningkat. Komponen apa yang sebaiknya diperiksa?",SRVC037,1,SRVC084,Overload,0.8733068704605103,False,False,,1
Q015,semantic,service_ac,e5,"AC saya sering mati-nyala sendiri, kompresornya bekerja terlalu lama atau tidak stabil, dan konsumsi listrik meningkat. Komponen apa yang sebaiknya diperiksa?",SRVC037,2,SRVC071,Sensor AC,0.8685258030891418,False,False,,2
Q015,semantic,service_ac,e5,"AC saya sering mati-nyala sendiri, kompresornya bekerja terlalu lama atau tidak stabil, dan konsumsi listrik meningkat. Komponen apa yang sebaiknya diperiksa?",SRVC037,3,SRVC086,Contactor AC,0.8626006841659546,False,False,,3
Q015,semantic,service_ac,e5,"AC saya sering mati-nyala sendiri, kompresornya bekerja terlalu lama atau tidak stabil, dan konsumsi listrik meningkat. Komponen apa yang sebaiknya diperiksa?",SRVC037,4,SRVC091,Pengecekan AC Cassate,0.8534905910491943,False,False,,4
Q015,semantic,service_ac,e5,"AC saya sering mati-nyala sendiri, kompresornya bekerja terlalu lama atau tidak stabil, dan konsumsi listrik meningkat. Komponen apa yang sebaiknya diperiksa?",SRVC037,5,SRVC037,Thermistor,0.8477389812469482,True,False,,5
Q015,semantic,service_ac,hybrid_rrf,"AC saya sering mati-nyala sendiri, kompresornya bekerja terlalu lama atau tidak stabil, dan konsumsi listrik meningkat. Komponen apa yang sebaiknya diperiksa?",SRVC037,1,SRVC084,Overload,0.03278688524590164,False,False,1,1
Q015,semantic,service_ac,hybrid_rrf,"AC saya sering mati-nyala sendiri, kompresornya bekerja terlalu lama atau tidak stabil, dan konsumsi listrik meningkat. Komponen apa yang sebaiknya diperiksa?",SRVC037,2,SRVC071,Sensor AC,0.03200204813108039,False,False,3,2
Q015,semantic,service_ac,hybrid_rrf,"AC saya sering mati-nyala sendiri, kompresornya bekerja terlalu lama atau tidak stabil, dan konsumsi listrik meningkat. Komponen apa yang sebaiknya diperiksa?",SRVC037,3,SRVC037,Thermistor,0.0315136476426799,True,False,2,5
Q015,semantic,service_ac,hybrid_rrf,"AC saya sering mati-nyala sendiri, kompresornya bekerja terlalu lama atau tidak stabil, dan konsumsi listrik meningkat. Komponen apa yang sebaiknya diperiksa?",SRVC037,4,SRVC008,Pengecekan AC - 1.5 - 2 PK,0.030536130536130537,False,False,5,6
Q015,semantic,service_ac,hybrid_rrf,"AC saya sering mati-nyala sendiri, kompresornya bekerja terlalu lama atau tidak stabil, dan konsumsi listrik meningkat. Komponen apa yang sebaiknya diperiksa?",SRVC037,5,SRVC086,Contactor AC,0.028693528693528692,False,False,18,3
Q016,semantic,service_ac,bm25,"AC 1 PK saya tidak bisa menyala, sering error, dan kendali jarak jauhnya tidak berfungsi. Layanan apa yang cocok?",SRVC038,1,SRVC038,Module AC - 0.5 - 1 PK,34.47316976016757,True,False,1,
Q016,semantic,service_ac,bm25,"AC 1 PK saya tidak bisa menyala, sering error, dan kendali jarak jauhnya tidak berfungsi. Layanan apa yang cocok?",SRVC038,2,SRVC039,Module AC - 1.5 - 2 PK,32.98218119279985,False,True,2,
Q016,semantic,service_ac,bm25,"AC 1 PK saya tidak bisa menyala, sering error, dan kendali jarak jauhnya tidak berfungsi. Layanan apa yang cocok?",SRVC038,3,SRVC088,"Motor Fan AC 1,5-2 PK",17.936871326781972,False,False,3,
Q016,semantic,service_ac,bm25,"AC 1 PK saya tidak bisa menyala, sering error, dan kendali jarak jauhnya tidak berfungsi. Layanan apa yang cocok?",SRVC038,4,SRVC081,"Motor Fan AC 0,5-1 PK",17.219070675228544,False,False,4,
Q016,semantic,service_ac,bm25,"AC 1 PK saya tidak bisa menyala, sering error, dan kendali jarak jauhnya tidak berfungsi. Layanan apa yang cocok?",SRVC038,5,SRVC084,Overload,16.327594865848923,False,False,5,
Q016,semantic,service_ac,e5,"AC 1 PK saya tidak bisa menyala, sering error, dan kendali jarak jauhnya tidak berfungsi. Layanan apa yang cocok?",SRVC038,1,SRVC038,Module AC - 0.5 - 1 PK,0.8749204874038696,True,False,,1
Q016,semantic,service_ac,e5,"AC 1 PK saya tidak bisa menyala, sering error, dan kendali jarak jauhnya tidak berfungsi. Layanan apa yang cocok?",SRVC038,2,SRVC080,"IC AC 0,5-1 PK",0.8735355138778687,False,False,,2
Q016,semantic,service_ac,e5,"AC 1 PK saya tidak bisa menyala, sering error, dan kendali jarak jauhnya tidak berfungsi. Layanan apa yang cocok?",SRVC038,3,SRVC088,"Motor Fan AC 1,5-2 PK",0.8715145587921143,False,False,,3
Q016,semantic,service_ac,e5,"AC 1 PK saya tidak bisa menyala, sering error, dan kendali jarak jauhnya tidak berfungsi. Layanan apa yang cocok?",SRVC038,4,SRVC039,Module AC - 1.5 - 2 PK,0.871119499206543,False,True,,4
Q016,semantic,service_ac,e5,"AC 1 PK saya tidak bisa menyala, sering error, dan kendali jarak jauhnya tidak berfungsi. Layanan apa yang cocok?",SRVC038,5,SRVC006,Pengecekan AC - 0.5 - 1 PK,0.8683459162712097,False,False,,5
Q016,semantic,service_ac,hybrid_rrf,"AC 1 PK saya tidak bisa menyala, sering error, dan kendali jarak jauhnya tidak berfungsi. Layanan apa yang cocok?",SRVC038,1,SRVC038,Module AC - 0.5 - 1 PK,0.03278688524590164,True,False,1,1
Q016,semantic,service_ac,hybrid_rrf,"AC 1 PK saya tidak bisa menyala, sering error, dan kendali jarak jauhnya tidak berfungsi. Layanan apa yang cocok?",SRVC038,2,SRVC039,Module AC - 1.5 - 2 PK,0.031754032258064516,False,True,2,4
Q016,semantic,service_ac,hybrid_rrf,"AC 1 PK saya tidak bisa menyala, sering error, dan kendali jarak jauhnya tidak berfungsi. Layanan apa yang cocok?",SRVC038,3,SRVC088,"Motor Fan AC 1,5-2 PK",0.031746031746031744,False,False,3,3
Q016,semantic,service_ac,hybrid_rrf,"AC 1 PK saya tidak bisa menyala, sering error, dan kendali jarak jauhnya tidak berfungsi. Layanan apa yang cocok?",SRVC038,4,SRVC080,"IC AC 0,5-1 PK",0.031054405392392875,False,False,7,2
Q016,semantic,service_ac,hybrid_rrf,"AC 1 PK saya tidak bisa menyala, sering error, dan kendali jarak jauhnya tidak berfungsi. Layanan apa yang cocok?",SRVC038,5,SRVC086,Contactor AC,0.029411764705882353,False,False,8,8
Q017,semantic,service_ac,bm25,Air dari AC menetes ke ruangan karena jalur pembuangannya tersumbat kotoran atau lumut. Layanan apa yang diperlukan?,SRVC067,1,SRVC067,Flushing Drain,36.07240725172759,True,False,1,
Q017,semantic,service_ac,bm25,Air dari AC menetes ke ruangan karena jalur pembuangannya tersumbat kotoran atau lumut. Layanan apa yang diperlukan?,SRVC067,2,SRVC077,"Pasang Indoor AC 0,5-1 PK",22.56935059096825,False,False,2,
Q017,semantic,service_ac,bm25,Air dari AC menetes ke ruangan karena jalur pembuangannya tersumbat kotoran atau lumut. Layanan apa yang diperlukan?,SRVC067,3,SRVC091,Pengecekan AC Cassate,15.849892764255795,False,False,3,
Q017,semantic,service_ac,bm25,Air dari AC menetes ke ruangan karena jalur pembuangannya tersumbat kotoran atau lumut. Layanan apa yang diperlukan?,SRVC067,4,SRVC089,Nepel AC,14.871206703455051,False,False,4,
Q017,semantic,service_ac,bm25,Air dari AC menetes ke ruangan karena jalur pembuangannya tersumbat kotoran atau lumut. Layanan apa yang diperlukan?,SRVC067,5,SRVC075,"Pasang Outdoor AC 1,5-2 PK",12.375448431704214,False,False,5,
Q017,semantic,service_ac,e5,Air dari AC menetes ke ruangan karena jalur pembuangannya tersumbat kotoran atau lumut. Layanan apa yang diperlukan?,SRVC067,1,SRVC067,Flushing Drain,0.8998103141784668,True,False,,1
Q017,semantic,service_ac,e5,Air dari AC menetes ke ruangan karena jalur pembuangannya tersumbat kotoran atau lumut. Layanan apa yang diperlukan?,SRVC067,2,SRVC089,Nepel AC,0.867717981338501,False,False,,2
Q017,semantic,service_ac,e5,Air dari AC menetes ke ruangan karena jalur pembuangannya tersumbat kotoran atau lumut. Layanan apa yang diperlukan?,SRVC067,3,SRVC002,Cuci AC Standing - 0.5 -1 PK,0.8652662038803101,False,False,,3
Q017,semantic,service_ac,e5,Air dari AC menetes ke ruangan karena jalur pembuangannya tersumbat kotoran atau lumut. Layanan apa yang diperlukan?,SRVC067,4,SRVC091,Pengecekan AC Cassate,0.8646016120910645,False,False,,4
Q017,semantic,service_ac,e5,Air dari AC menetes ke ruangan karena jalur pembuangannya tersumbat kotoran atau lumut. Layanan apa yang diperlukan?,SRVC067,5,SRVC001,Cuci AC Split - 0.5 - 1 PK,0.8640114068984985,False,True,,5
Q017,semantic,service_ac,hybrid_rrf,Air dari AC menetes ke ruangan karena jalur pembuangannya tersumbat kotoran atau lumut. Layanan apa yang diperlukan?,SRVC067,1,SRVC067,Flushing Drain,0.03278688524590164,True,False,1,1
Q017,semantic,service_ac,hybrid_rrf,Air dari AC menetes ke ruangan karena jalur pembuangannya tersumbat kotoran atau lumut. Layanan apa yang diperlukan?,SRVC067,2,SRVC089,Nepel AC,0.031754032258064516,False,False,4,2
Q017,semantic,service_ac,hybrid_rrf,Air dari AC menetes ke ruangan karena jalur pembuangannya tersumbat kotoran atau lumut. Layanan apa yang diperlukan?,SRVC067,3,SRVC091,Pengecekan AC Cassate,0.03149801587301587,False,False,3,4
Q017,semantic,service_ac,hybrid_rrf,Air dari AC menetes ke ruangan karena jalur pembuangannya tersumbat kotoran atau lumut. Layanan apa yang diperlukan?,SRVC067,4,SRVC077,"Pasang Indoor AC 0,5-1 PK",0.030017921146953404,False,False,2,12
Q017,semantic,service_ac,hybrid_rrf,Air dari AC menetes ke ruangan karena jalur pembuangannya tersumbat kotoran atau lumut. Layanan apa yang diperlukan?,SRVC067,5,SRVC035,Pembobokan,0.02857142857142857,False,False,10,10
Q018,semantic,cctv,bm25,"Saya butuh 4 kamera indoor yang bisa membedakan manusia dan kendaraan, dipantau dari smartphone, serta mendukung perekaman suara tanpa kabel tambahan.",SRVC042,1,SRVC042,Paket DAHUA - 4 Kamera Indoor,35.95741807040463,True,False,1,
Q018,semantic,cctv,bm25,"Saya butuh 4 kamera indoor yang bisa membedakan manusia dan kendaraan, dipantau dari smartphone, serta mendukung perekaman suara tanpa kabel tambahan.",SRVC042,2,SRVC041,Paket SPC - 4 Kamera Indoor,18.10871454841871,False,False,2,
Q018,semantic,cctv,bm25,"Saya butuh 4 kamera indoor yang bisa membedakan manusia dan kendaraan, dipantau dari smartphone, serta mendukung perekaman suara tanpa kabel tambahan.",SRVC042,3,SRVC048,Paket SPC - 8 Kamera Indoor,18.09178023963266,False,False,3,
Q018,semantic,cctv,bm25,"Saya butuh 4 kamera indoor yang bisa membedakan manusia dan kendaraan, dipantau dari smartphone, serta mendukung perekaman suara tanpa kabel tambahan.",SRVC042,4,SRVC053,Paket DAHUA - 8 Kamera (6 Indoor + 2 Outdoor),16.36484189660464,False,False,4,
Q018,semantic,cctv,bm25,"Saya butuh 4 kamera indoor yang bisa membedakan manusia dan kendaraan, dipantau dari smartphone, serta mendukung perekaman suara tanpa kabel tambahan.",SRVC042,5,SRVC046,Paket HIKVISION - 4 Kamera (2 Indoor + 2 Outdoor),16.24951555786533,False,False,5,
Q018,semantic,cctv,e5,"Saya butuh 4 kamera indoor yang bisa membedakan manusia dan kendaraan, dipantau dari smartphone, serta mendukung perekaman suara tanpa kabel tambahan.",SRVC042,1,SRVC042,Paket DAHUA - 4 Kamera Indoor,0.8230246305465698,True,False,,1
Q018,semantic,cctv,e5,"Saya butuh 4 kamera indoor yang bisa membedakan manusia dan kendaraan, dipantau dari smartphone, serta mendukung perekaman suara tanpa kabel tambahan.",SRVC042,2,SRVC041,Paket SPC - 4 Kamera Indoor,0.8156908750534058,False,False,,2
Q018,semantic,cctv,e5,"Saya butuh 4 kamera indoor yang bisa membedakan manusia dan kendaraan, dipantau dari smartphone, serta mendukung perekaman suara tanpa kabel tambahan.",SRVC042,3,SRVC059,Paket DAHUA - 12 Kamera (10 Indoor + 2 Outdoor),0.8156362771987915,False,False,,3
Q018,semantic,cctv,e5,"Saya butuh 4 kamera indoor yang bisa membedakan manusia dan kendaraan, dipantau dari smartphone, serta mendukung perekaman suara tanpa kabel tambahan.",SRVC042,4,SRVC045,Paket SPC - 4 Kamera (2 Indoor + 2 Outdoor),0.814684271812439,False,False,,4
Q018,semantic,cctv,e5,"Saya butuh 4 kamera indoor yang bisa membedakan manusia dan kendaraan, dipantau dari smartphone, serta mendukung perekaman suara tanpa kabel tambahan.",SRVC042,5,SRVC047,Paket DAHUA - 4 Kamera (2 Indoor + 2 Outdoor),0.8144181370735168,False,False,,5
Q018,semantic,cctv,hybrid_rrf,"Saya butuh 4 kamera indoor yang bisa membedakan manusia dan kendaraan, dipantau dari smartphone, serta mendukung perekaman suara tanpa kabel tambahan.",SRVC042,1,SRVC042,Paket DAHUA - 4 Kamera Indoor,0.03278688524590164,True,False,1,1
Q018,semantic,cctv,hybrid_rrf,"Saya butuh 4 kamera indoor yang bisa membedakan manusia dan kendaraan, dipantau dari smartphone, serta mendukung perekaman suara tanpa kabel tambahan.",SRVC042,2,SRVC041,Paket SPC - 4 Kamera Indoor,0.03225806451612903,False,False,2,2
Q018,semantic,cctv,hybrid_rrf,"Saya butuh 4 kamera indoor yang bisa membedakan manusia dan kendaraan, dipantau dari smartphone, serta mendukung perekaman suara tanpa kabel tambahan.",SRVC042,3,SRVC048,Paket SPC - 8 Kamera Indoor,0.03036576949620428,False,False,3,9
Q018,semantic,cctv,hybrid_rrf,"Saya butuh 4 kamera indoor yang bisa membedakan manusia dan kendaraan, dipantau dari smartphone, serta mendukung perekaman suara tanpa kabel tambahan.",SRVC042,4,SRVC047,Paket DAHUA - 4 Kamera (2 Indoor + 2 Outdoor),0.030090497737556562,False,False,8,5
Q018,semantic,cctv,hybrid_rrf,"Saya butuh 4 kamera indoor yang bisa membedakan manusia dan kendaraan, dipantau dari smartphone, serta mendukung perekaman suara tanpa kabel tambahan.",SRVC042,5,SRVC046,Paket HIKVISION - 4 Kamera (2 Indoor + 2 Outdoor),0.02967032967032967,False,False,5,10
Q019,semantic,cctv,bm25,Saya ingin sistem 4 kamera indoor yang tetap menghasilkan gambar jelas pada kondisi pencahayaan kontras dan mudah dipantau dari ponsel.,SRVC043,1,SRVC043,Paket HIKVISION - 4 Kamera Indoor,28.087255209971108,True,False,1,
Q019,semantic,cctv,bm25,Saya ingin sistem 4 kamera indoor yang tetap menghasilkan gambar jelas pada kondisi pencahayaan kontras dan mudah dipantau dari ponsel.,SRVC043,2,SRVC046,Paket HIKVISION - 4 Kamera (2 Indoor + 2 Outdoor),14.763232212983514,False,False,2,
Q019,semantic,cctv,bm25,Saya ingin sistem 4 kamera indoor yang tetap menghasilkan gambar jelas pada kondisi pencahayaan kontras dan mudah dipantau dari ponsel.,SRVC043,3,SRVC052,Paket HIKVISION - 8 Kamera (6 Indoor + 2 Outdoor),14.28703789636823,False,False,3,
Q019,semantic,cctv,bm25,Saya ingin sistem 4 kamera indoor yang tetap menghasilkan gambar jelas pada kondisi pencahayaan kontras dan mudah dipantau dari ponsel.,SRVC043,4,SRVC045,Paket SPC - 4 Kamera (2 Indoor + 2 Outdoor),14.185968569964942,False,False,4,
Q019,semantic,cctv,bm25,Saya ingin sistem 4 kamera indoor yang tetap menghasilkan gambar jelas pada kondisi pencahayaan kontras dan mudah dipantau dari ponsel.,SRVC043,5,SRVC055,Paket HIKVISION - 12 Kamera Indoor,14.137089928004798,False,False,5,
Q019,semantic,cctv,e5,Saya ingin sistem 4 kamera indoor yang tetap menghasilkan gambar jelas pada kondisi pencahayaan kontras dan mudah dipantau dari ponsel.,SRVC043,1,SRVC042,Paket DAHUA - 4 Kamera Indoor,0.8178838491439819,False,True,,1
Q019,semantic,cctv,e5,Saya ingin sistem 4 kamera indoor yang tetap menghasilkan gambar jelas pada kondisi pencahayaan kontras dan mudah dipantau dari ponsel.,SRVC043,2,SRVC041,Paket SPC - 4 Kamera Indoor,0.8163971304893494,False,False,,2
Q019,semantic,cctv,e5,Saya ingin sistem 4 kamera indoor yang tetap menghasilkan gambar jelas pada kondisi pencahayaan kontras dan mudah dipantau dari ponsel.,SRVC043,3,SRVC047,Paket DAHUA - 4 Kamera (2 Indoor + 2 Outdoor),0.8153587579727173,False,False,,3
Q019,semantic,cctv,e5,Saya ingin sistem 4 kamera indoor yang tetap menghasilkan gambar jelas pada kondisi pencahayaan kontras dan mudah dipantau dari ponsel.,SRVC043,4,SRVC045,Paket SPC - 4 Kamera (2 Indoor + 2 Outdoor),0.8147603869438171,False,False,,4
Q019,semantic,cctv,e5,Saya ingin sistem 4 kamera indoor yang tetap menghasilkan gambar jelas pada kondisi pencahayaan kontras dan mudah dipantau dari ponsel.,SRVC043,5,SRVC050,Paket DAHUA - 8 Kamera Indoor,0.8146766424179077,False,False,,5
Q019,semantic,cctv,hybrid_rrf,Saya ingin sistem 4 kamera indoor yang tetap menghasilkan gambar jelas pada kondisi pencahayaan kontras dan mudah dipantau dari ponsel.,SRVC043,1,SRVC045,Paket SPC - 4 Kamera (2 Indoor + 2 Outdoor),0.03125,False,False,4,4
Q019,semantic,cctv,hybrid_rrf,Saya ingin sistem 4 kamera indoor yang tetap menghasilkan gambar jelas pada kondisi pencahayaan kontras dan mudah dipantau dari ponsel.,SRVC043,2,SRVC042,Paket DAHUA - 4 Kamera Indoor,0.030886196246139225,False,True,9,1
Q019,semantic,cctv,hybrid_rrf,Saya ingin sistem 4 kamera indoor yang tetap menghasilkan gambar jelas pada kondisi pencahayaan kontras dan mudah dipantau dari ponsel.,SRVC043,3,SRVC041,Paket SPC - 4 Kamera Indoor,0.030834914611005692,False,False,8,2
Q019,semantic,cctv,hybrid_rrf,Saya ingin sistem 4 kamera indoor yang tetap menghasilkan gambar jelas pada kondisi pencahayaan kontras dan mudah dipantau dari ponsel.,SRVC043,4,SRVC046,Paket HIKVISION - 4 Kamera (2 Indoor + 2 Outdoor),0.030621785881252923,False,False,2,9
Q019,semantic,cctv,hybrid_rrf,Saya ingin sistem 4 kamera indoor yang tetap menghasilkan gambar jelas pada kondisi pencahayaan kontras dan mudah dipantau dari ponsel.,SRVC043,5,SRVC043,Paket HIKVISION - 4 Kamera Indoor,0.029906956136464335,True,False,1,14
Q020,semantic,cctv,bm25,"Saya membutuhkan 8 kamera yang semuanya indoor untuk banyak ruangan, dengan budget terbatas dan pengoperasian yang simpel.",SRVC048,1,SRVC048,Paket SPC - 8 Kamera Indoor,30.663042176405842,True,False,1,
Q020,semantic,cctv,bm25,"Saya membutuhkan 8 kamera yang semuanya indoor untuk banyak ruangan, dengan budget terbatas dan pengoperasian yang simpel.",SRVC048,2,SRVC051,Paket SPC - 8 Kamera (6 Indoor + 2 Outdoor),19.76496514939554,False,True,2,
Q020,semantic,cctv,bm25,"Saya membutuhkan 8 kamera yang semuanya indoor untuk banyak ruangan, dengan budget terbatas dan pengoperasian yang simpel.",SRVC048,3,SRVC041,Paket SPC - 4 Kamera Indoor,18.938607732496305,False,False,3,
Q020,semantic,cctv,bm25,"Saya membutuhkan 8 kamera yang semuanya indoor untuk banyak ruangan, dengan budget terbatas dan pengoperasian yang simpel.",SRVC048,4,SRVC045,Paket SPC - 4 Kamera (2 Indoor + 2 Outdoor),17.174815739637992,False,False,4,
Q020,semantic,cctv,bm25,"Saya membutuhkan 8 kamera yang semuanya indoor untuk banyak ruangan, dengan budget terbatas dan pengoperasian yang simpel.",SRVC048,5,SRVC050,Paket DAHUA - 8 Kamera Indoor,15.101716448615536,False,True,5,
Q020,semantic,cctv,e5,"Saya membutuhkan 8 kamera yang semuanya indoor untuk banyak ruangan, dengan budget terbatas dan pengoperasian yang simpel.",SRVC048,1,SRVC048,Paket SPC - 8 Kamera Indoor,0.8177195191383362,True,False,,1
Q020,semantic,cctv,e5,"Saya membutuhkan 8 kamera yang semuanya indoor untuk banyak ruangan, dengan budget terbatas dan pengoperasian yang simpel.",SRVC048,2,SRVC051,Paket SPC - 8 Kamera (6 Indoor + 2 Outdoor),0.8131132125854492,False,True,,2
Q020,semantic,cctv,e5,"Saya membutuhkan 8 kamera yang semuanya indoor untuk banyak ruangan, dengan budget terbatas dan pengoperasian yang simpel.",SRVC048,3,SRVC049,Paket HIKVISION - 8 Kamera Indoor,0.8129338622093201,False,True,,3
Q020,semantic,cctv,e5,"Saya membutuhkan 8 kamera yang semuanya indoor untuk banyak ruangan, dengan budget terbatas dan pengoperasian yang simpel.",SRVC048,4,SRVC050,Paket DAHUA - 8 Kamera Indoor,0.8128926753997803,False,True,,4
Q020,semantic,cctv,e5,"Saya membutuhkan 8 kamera yang semuanya indoor untuk banyak ruangan, dengan budget terbatas dan pengoperasian yang simpel.",SRVC048,5,SRVC054,Paket SPC - 12 Kamera Indoor,0.8119971752166748,False,False,,5
Q020,semantic,cctv,hybrid_rrf,"Saya membutuhkan 8 kamera yang semuanya indoor untuk banyak ruangan, dengan budget terbatas dan pengoperasian yang simpel.",SRVC048,1,SRVC048,Paket SPC - 8 Kamera Indoor,0.03278688524590164,True,False,1,1
Q020,semantic,cctv,hybrid_rrf,"Saya membutuhkan 8 kamera yang semuanya indoor untuk banyak ruangan, dengan budget terbatas dan pengoperasian yang simpel.",SRVC048,2,SRVC051,Paket SPC - 8 Kamera (6 Indoor + 2 Outdoor),0.03225806451612903,False,True,2,2
Q020,semantic,cctv,hybrid_rrf,"Saya membutuhkan 8 kamera yang semuanya indoor untuk banyak ruangan, dengan budget terbatas dan pengoperasian yang simpel.",SRVC048,3,SRVC049,Paket HIKVISION - 8 Kamera Indoor,0.031024531024531024,False,True,6,3
Q020,semantic,cctv,hybrid_rrf,"Saya membutuhkan 8 kamera yang semuanya indoor untuk banyak ruangan, dengan budget terbatas dan pengoperasian yang simpel.",SRVC048,4,SRVC050,Paket DAHUA - 8 Kamera Indoor,0.031009615384615385,False,True,5,4
Q020,semantic,cctv,hybrid_rrf,"Saya membutuhkan 8 kamera yang semuanya indoor untuk banyak ruangan, dengan budget terbatas dan pengoperasian yang simpel.",SRVC048,5,SRVC041,Paket SPC - 4 Kamera Indoor,0.03057889822595705,False,False,3,8
Q021,multi_constraint,product_ac,bm25,Saya mencari AC Mitsubishi 0.5 PK yang menggunakan refrigeran R32 untuk ruangan sekitar 5–10 m².,KDP003,1,KDP003,MITSUBISHI R32 - 0.5 PK,20.974122067922355,True,False,1,
Q021,multi_constraint,product_ac,bm25,Saya mencari AC Mitsubishi 0.5 PK yang menggunakan refrigeran R32 untuk ruangan sekitar 5–10 m².,KDP003,2,KDP035,MITSHUBISHI R32 - 1.5 PK,17.237290925684118,False,False,2,
Q021,multi_constraint,product_ac,bm25,Saya mencari AC Mitsubishi 0.5 PK yang menggunakan refrigeran R32 untuk ruangan sekitar 5–10 m².,KDP003,3,KDP055,MITSUBISHI R32 - 2 PK,16.455689454917025,False,False,3,
Q021,multi_constraint,product_ac,bm25,Saya mencari AC Mitsubishi 0.5 PK yang menggunakan refrigeran R32 untuk ruangan sekitar 5–10 m².,KDP003,4,KDP026,MITSHUBISHI R32 - 1 PK,16.089249163672076,False,False,4,
Q021,multi_constraint,product_ac,bm25,Saya mencari AC Mitsubishi 0.5 PK yang menggunakan refrigeran R32 untuk ruangan sekitar 5–10 m².,KDP003,5,KDP018,BEKO - 0.5 PK,14.291881449795188,False,False,5,
Q021,multi_constraint,product_ac,e5,Saya mencari AC Mitsubishi 0.5 PK yang menggunakan refrigeran R32 untuk ruangan sekitar 5–10 m².,KDP003,1,KDP003,MITSUBISHI R32 - 0.5 PK,0.9074676036834717,True,False,,1
Q021,multi_constraint,product_ac,e5,Saya mencari AC Mitsubishi 0.5 PK yang menggunakan refrigeran R32 untuk ruangan sekitar 5–10 m².,KDP003,2,KDP026,MITSHUBISHI R32 - 1 PK,0.9039447903633118,False,False,,2
Q021,multi_constraint,product_ac,e5,Saya mencari AC Mitsubishi 0.5 PK yang menggunakan refrigeran R32 untuk ruangan sekitar 5–10 m².,KDP003,3,KDP035,MITSHUBISHI R32 - 1.5 PK,0.9017380475997925,False,False,,3
Q021,multi_constraint,product_ac,e5,Saya mencari AC Mitsubishi 0.5 PK yang menggunakan refrigeran R32 untuk ruangan sekitar 5–10 m².,KDP003,4,KDP055,MITSUBISHI R32 - 2 PK,0.8897659778594971,False,False,,4
Q021,multi_constraint,product_ac,e5,Saya mencari AC Mitsubishi 0.5 PK yang menggunakan refrigeran R32 untuk ruangan sekitar 5–10 m².,KDP003,5,KDP009,REIWA - 0.5 PK,0.8775811195373535,False,False,,5
Q021,multi_constraint,product_ac,hybrid_rrf,Saya mencari AC Mitsubishi 0.5 PK yang menggunakan refrigeran R32 untuk ruangan sekitar 5–10 m².,KDP003,1,KDP003,MITSUBISHI R32 - 0.5 PK,0.03278688524590164,True,False,1,1
Q021,multi_constraint,product_ac,hybrid_rrf,Saya mencari AC Mitsubishi 0.5 PK yang menggunakan refrigeran R32 untuk ruangan sekitar 5–10 m².,KDP003,2,KDP035,MITSHUBISHI R32 - 1.5 PK,0.03200204813108039,False,False,2,3
Q021,multi_constraint,product_ac,hybrid_rrf,Saya mencari AC Mitsubishi 0.5 PK yang menggunakan refrigeran R32 untuk ruangan sekitar 5–10 m².,KDP003,3,KDP026,MITSHUBISHI R32 - 1 PK,0.031754032258064516,False,False,4,2
Q021,multi_constraint,product_ac,hybrid_rrf,Saya mencari AC Mitsubishi 0.5 PK yang menggunakan refrigeran R32 untuk ruangan sekitar 5–10 m².,KDP003,4,KDP055,MITSUBISHI R32 - 2 PK,0.03149801587301587,False,False,3,4
Q021,multi_constraint,product_ac,hybrid_rrf,Saya mencari AC Mitsubishi 0.5 PK yang menggunakan refrigeran R32 untuk ruangan sekitar 5–10 m².,KDP003,5,KDP044,MITSHUBISHI THAILAND - 2 PK,0.029857397504456328,False,False,8,6
Q022,multi_constraint,product_ac,bm25,"Saya butuh AC Gree 2 PK untuk ruangan sekitar 24–36 m², sudah inverter, dan bisa dikendalikan melalui smartphone.",KDP047,1,KDP047,GREE - 2 PK,31.353808085082292,True,False,1,
Q022,multi_constraint,product_ac,bm25,"Saya butuh AC Gree 2 PK untuk ruangan sekitar 24–36 m², sudah inverter, dan bisa dikendalikan melalui smartphone.",KDP047,2,KDP039,GREE - 1.5 PK,22.9695302316356,False,True,2,
Q022,multi_constraint,product_ac,bm25,"Saya butuh AC Gree 2 PK untuk ruangan sekitar 24–36 m², sudah inverter, dan bisa dikendalikan melalui smartphone.",KDP047,3,KDP034,PANASONIC - 1.5 PK,19.609836502622414,False,False,3,
Q022,multi_constraint,product_ac,bm25,"Saya butuh AC Gree 2 PK untuk ruangan sekitar 24–36 m², sudah inverter, dan bisa dikendalikan melalui smartphone.",KDP047,4,KDP048,MIDEA - 2 PK,16.84521616280669,False,False,4,
Q022,multi_constraint,product_ac,bm25,"Saya butuh AC Gree 2 PK untuk ruangan sekitar 24–36 m², sudah inverter, dan bisa dikendalikan melalui smartphone.",KDP047,5,KDP041,SHARP - 2 PK,16.438903581039064,False,False,5,
Q022,multi_constraint,product_ac,e5,"Saya butuh AC Gree 2 PK untuk ruangan sekitar 24–36 m², sudah inverter, dan bisa dikendalikan melalui smartphone.",KDP047,1,KDP047,GREE - 2 PK,0.8785355687141418,True,False,,1
Q022,multi_constraint,product_ac,e5,"Saya butuh AC Gree 2 PK untuk ruangan sekitar 24–36 m², sudah inverter, dan bisa dikendalikan melalui smartphone.",KDP047,2,KDP039,GREE - 1.5 PK,0.8689694404602051,False,True,,2
Q022,multi_constraint,product_ac,e5,"Saya butuh AC Gree 2 PK untuk ruangan sekitar 24–36 m², sudah inverter, dan bisa dikendalikan melalui smartphone.",KDP047,3,KDP029,GREE - 1 PK,0.8617052435874939,False,True,,3
Q022,multi_constraint,product_ac,e5,"Saya butuh AC Gree 2 PK untuk ruangan sekitar 24–36 m², sudah inverter, dan bisa dikendalikan melalui smartphone.",KDP047,4,KDP007,GREE - 0.5 PK,0.8613075017929077,False,False,,4
Q022,multi_constraint,product_ac,e5,"Saya butuh AC Gree 2 PK untuk ruangan sekitar 24–36 m², sudah inverter, dan bisa dikendalikan melalui smartphone.",KDP047,5,KDP023,LG - 1 PK,0.8565757274627686,False,False,,5
Q022,multi_constraint,product_ac,hybrid_rrf,"Saya butuh AC Gree 2 PK untuk ruangan sekitar 24–36 m², sudah inverter, dan bisa dikendalikan melalui smartphone.",KDP047,1,KDP047,GREE - 2 PK,0.03278688524590164,True,False,1,1
Q022,multi_constraint,product_ac,hybrid_rrf,"Saya butuh AC Gree 2 PK untuk ruangan sekitar 24–36 m², sudah inverter, dan bisa dikendalikan melalui smartphone.",KDP047,2,KDP039,GREE - 1.5 PK,0.03225806451612903,False,True,2,2
Q022,multi_constraint,product_ac,hybrid_rrf,"Saya butuh AC Gree 2 PK untuk ruangan sekitar 24–36 m², sudah inverter, dan bisa dikendalikan melalui smartphone.",KDP047,3,KDP048,MIDEA - 2 PK,0.030776515151515152,False,False,4,6
Q022,multi_constraint,product_ac,hybrid_rrf,"Saya butuh AC Gree 2 PK untuk ruangan sekitar 24–36 m², sudah inverter, dan bisa dikendalikan melalui smartphone.",KDP047,4,KDP034,PANASONIC - 1.5 PK,0.03036576949620428,False,False,3,9
Q022,multi_constraint,product_ac,hybrid_rrf,"Saya butuh AC Gree 2 PK untuk ruangan sekitar 24–36 m², sudah inverter, dan bisa dikendalikan melalui smartphone.",KDP047,5,KDP045,DAIKIN THAILAND - 2 PK,0.029850746268656716,False,False,7,7
Q023,multi_constraint,product_ac,bm25,"Saya mencari Panasonic 1.5 PK untuk ruangan 18–24 m² yang memiliki inverter, Wi-Fi, dan teknologi pembersih udara nanoe X.",KDP034,1,KDP034,PANASONIC - 1.5 PK,41.679354562239226,True,False,1,
Q023,multi_constraint,product_ac,bm25,"Saya mencari Panasonic 1.5 PK untuk ruangan 18–24 m² yang memiliki inverter, Wi-Fi, dan teknologi pembersih udara nanoe X.",KDP034,2,KDP040,MIDEA - 1.5 PK,17.314616948495328,False,False,2,
Q023,multi_constraint,product_ac,bm25,"Saya mencari Panasonic 1.5 PK untuk ruangan 18–24 m² yang memiliki inverter, Wi-Fi, dan teknologi pembersih udara nanoe X.",KDP034,3,KDP022,PANASONIC - 1 PK,16.97133510491375,False,False,3,
Q023,multi_constraint,product_ac,bm25,"Saya mencari Panasonic 1.5 PK untuk ruangan 18–24 m² yang memiliki inverter, Wi-Fi, dan teknologi pembersih udara nanoe X.",KDP034,4,KDP033,SHARP THAILAND - 1.5 PK,16.850920660283546,False,False,4,
Q023,multi_constraint,product_ac,bm25,"Saya mencari Panasonic 1.5 PK untuk ruangan 18–24 m² yang memiliki inverter, Wi-Fi, dan teknologi pembersih udara nanoe X.",KDP034,5,KDP036,MITSHUBISHI THAILAND - 1.5 PK,16.718282123941055,False,False,5,
Q023,multi_constraint,product_ac,e5,"Saya mencari Panasonic 1.5 PK untuk ruangan 18–24 m² yang memiliki inverter, Wi-Fi, dan teknologi pembersih udara nanoe X.",KDP034,1,KDP034,PANASONIC - 1.5 PK,0.8890076279640198,True,False,,1
Q023,multi_constraint,product_ac,e5,"Saya mencari Panasonic 1.5 PK untuk ruangan 18–24 m² yang memiliki inverter, Wi-Fi, dan teknologi pembersih udara nanoe X.",KDP034,2,KDP037,DAIKIN - 1.5 PK,0.8549518585205078,False,False,,2
Q023,multi_constraint,product_ac,e5,"Saya mencari Panasonic 1.5 PK untuk ruangan 18–24 m² yang memiliki inverter, Wi-Fi, dan teknologi pembersih udara nanoe X.",KDP034,3,KDP042,PANASONIC - 2 PK,0.852971076965332,False,False,,3
Q023,multi_constraint,product_ac,e5,"Saya mencari Panasonic 1.5 PK untuk ruangan 18–24 m² yang memiliki inverter, Wi-Fi, dan teknologi pembersih udara nanoe X.",KDP034,4,KDP022,PANASONIC - 1 PK,0.8518396615982056,False,False,,4
Q023,multi_constraint,product_ac,e5,"Saya mencari Panasonic 1.5 PK untuk ruangan 18–24 m² yang memiliki inverter, Wi-Fi, dan teknologi pembersih udara nanoe X.",KDP034,5,KDP033,SHARP THAILAND - 1.5 PK,0.848251461982727,False,False,,5
Q023,multi_constraint,product_ac,hybrid_rrf,"Saya mencari Panasonic 1.5 PK untuk ruangan 18–24 m² yang memiliki inverter, Wi-Fi, dan teknologi pembersih udara nanoe X.",KDP034,1,KDP034,PANASONIC - 1.5 PK,0.03278688524590164,True,False,1,1
Q023,multi_constraint,product_ac,hybrid_rrf,"Saya mencari Panasonic 1.5 PK untuk ruangan 18–24 m² yang memiliki inverter, Wi-Fi, dan teknologi pembersih udara nanoe X.",KDP034,2,KDP022,PANASONIC - 1 PK,0.03149801587301587,False,False,3,4
Q023,multi_constraint,product_ac,hybrid_rrf,"Saya mencari Panasonic 1.5 PK untuk ruangan 18–24 m² yang memiliki inverter, Wi-Fi, dan teknologi pembersih udara nanoe X.",KDP034,3,KDP042,PANASONIC - 2 PK,0.031024531024531024,False,False,6,3
Q023,multi_constraint,product_ac,hybrid_rrf,"Saya mencari Panasonic 1.5 PK untuk ruangan 18–24 m² yang memiliki inverter, Wi-Fi, dan teknologi pembersih udara nanoe X.",KDP034,4,KDP033,SHARP THAILAND - 1.5 PK,0.031009615384615385,False,False,4,5
Q023,multi_constraint,product_ac,hybrid_rrf,"Saya mencari Panasonic 1.5 PK untuk ruangan 18–24 m² yang memiliki inverter, Wi-Fi, dan teknologi pembersih udara nanoe X.",KDP034,5,KDP037,DAIKIN - 1.5 PK,0.030834914611005692,False,False,8,2
Q024,multi_constraint,service_ac,bm25,"AC 2 PK saya memakai R-32 dan freonnya hanya berkurang sehingga AC kurang dingin. Saya ingin penambahan freon, bukan pengisian penuh.",SRVC012,1,SRVC012,Penambah Freon R-32 - 1.5 - 2 PK,29.413388944655185,True,False,1,
Q024,multi_constraint,service_ac,bm25,"AC 2 PK saya memakai R-32 dan freonnya hanya berkurang sehingga AC kurang dingin. Saya ingin penambahan freon, bukan pengisian penuh.",SRVC012,2,SRVC011,Penambah Freon R-32 - 0.5 - 1 PK,27.945057887001045,False,False,2,
Q024,multi_constraint,service_ac,bm25,"AC 2 PK saya memakai R-32 dan freonnya hanya berkurang sehingga AC kurang dingin. Saya ingin penambahan freon, bukan pengisian penuh.",SRVC012,3,SRVC018,Refill / Isi Full Freon R-32 - 1.5 - 2 PK,26.679171423890896,False,True,3,
Q024,multi_constraint,service_ac,bm25,"AC 2 PK saya memakai R-32 dan freonnya hanya berkurang sehingga AC kurang dingin. Saya ingin penambahan freon, bukan pengisian penuh.",SRVC012,4,SRVC017,Refill / Isi Full Freon R-32 - 0.5 - 1 PK,25.207112056919467,False,False,4,
Q024,multi_constraint,service_ac,bm25,"AC 2 PK saya memakai R-32 dan freonnya hanya berkurang sehingga AC kurang dingin. Saya ingin penambahan freon, bukan pengisian penuh.",SRVC012,5,SRVC014,Penambah Freon R-410 - 1.5 - 2 PK,24.56499773480742,False,False,5,
Q024,multi_constraint,service_ac,e5,"AC 2 PK saya memakai R-32 dan freonnya hanya berkurang sehingga AC kurang dingin. Saya ingin penambahan freon, bukan pengisian penuh.",SRVC012,1,SRVC012,Penambah Freon R-32 - 1.5 - 2 PK,0.8910115957260132,True,False,,1
Q024,multi_constraint,service_ac,e5,"AC 2 PK saya memakai R-32 dan freonnya hanya berkurang sehingga AC kurang dingin. Saya ingin penambahan freon, bukan pengisian penuh.",SRVC012,2,SRVC011,Penambah Freon R-32 - 0.5 - 1 PK,0.8905637264251709,False,False,,2
Q024,multi_constraint,service_ac,e5,"AC 2 PK saya memakai R-32 dan freonnya hanya berkurang sehingga AC kurang dingin. Saya ingin penambahan freon, bukan pengisian penuh.",SRVC012,3,SRVC018,Refill / Isi Full Freon R-32 - 1.5 - 2 PK,0.8863479495048523,False,True,,3
Q024,multi_constraint,service_ac,e5,"AC 2 PK saya memakai R-32 dan freonnya hanya berkurang sehingga AC kurang dingin. Saya ingin penambahan freon, bukan pengisian penuh.",SRVC012,4,SRVC017,Refill / Isi Full Freon R-32 - 0.5 - 1 PK,0.8857831358909607,False,False,,4
Q024,multi_constraint,service_ac,e5,"AC 2 PK saya memakai R-32 dan freonnya hanya berkurang sehingga AC kurang dingin. Saya ingin penambahan freon, bukan pengisian penuh.",SRVC012,5,SRVC009,Penambah Freon R-22 - 0.5 - 1 PK,0.8827385306358337,False,False,,5
Q024,multi_constraint,service_ac,hybrid_rrf,"AC 2 PK saya memakai R-32 dan freonnya hanya berkurang sehingga AC kurang dingin. Saya ingin penambahan freon, bukan pengisian penuh.",SRVC012,1,SRVC012,Penambah Freon R-32 - 1.5 - 2 PK,0.03278688524590164,True,False,1,1
Q024,multi_constraint,service_ac,hybrid_rrf,"AC 2 PK saya memakai R-32 dan freonnya hanya berkurang sehingga AC kurang dingin. Saya ingin penambahan freon, bukan pengisian penuh.",SRVC012,2,SRVC011,Penambah Freon R-32 - 0.5 - 1 PK,0.03225806451612903,False,False,2,2
Q024,multi_constraint,service_ac,hybrid_rrf,"AC 2 PK saya memakai R-32 dan freonnya hanya berkurang sehingga AC kurang dingin. Saya ingin penambahan freon, bukan pengisian penuh.",SRVC012,3,SRVC018,Refill / Isi Full Freon R-32 - 1.5 - 2 PK,0.031746031746031744,False,True,3,3
Q024,multi_constraint,service_ac,hybrid_rrf,"AC 2 PK saya memakai R-32 dan freonnya hanya berkurang sehingga AC kurang dingin. Saya ingin penambahan freon, bukan pengisian penuh.",SRVC012,4,SRVC017,Refill / Isi Full Freon R-32 - 0.5 - 1 PK,0.03125,False,False,4,4
Q024,multi_constraint,service_ac,hybrid_rrf,"AC 2 PK saya memakai R-32 dan freonnya hanya berkurang sehingga AC kurang dingin. Saya ingin penambahan freon, bukan pengisian penuh.",SRVC012,5,SRVC009,Penambah Freon R-22 - 0.5 - 1 PK,0.030536130536130537,False,False,6,5
Q025,multi_constraint,service_ac,bm25,AC 2 PK dengan refrigeran R-410 sudah tidak dingin sama sekali dan membutuhkan pengisian penuh setelah vacuum. Layanan mana yang sesuai?,SRVC020,1,SRVC020,Refill / Isi Full Freon R-410 - 1.5 - 2 PK,42.435954057313246,True,False,1,
Q025,multi_constraint,service_ac,bm25,AC 2 PK dengan refrigeran R-410 sudah tidak dingin sama sekali dan membutuhkan pengisian penuh setelah vacuum. Layanan mana yang sesuai?,SRVC020,2,SRVC019,Refill / Isi Full Freon R-410 - 0.5 - 1 PK,40.96389469034182,False,False,2,
Q025,multi_constraint,service_ac,bm25,AC 2 PK dengan refrigeran R-410 sudah tidak dingin sama sekali dan membutuhkan pengisian penuh setelah vacuum. Layanan mana yang sesuai?,SRVC020,3,SRVC016,Refill / Isi Full Freon R-22 - 1.5 - 2 PK,36.68802229276436,False,False,3,
Q025,multi_constraint,service_ac,bm25,AC 2 PK dengan refrigeran R-410 sudah tidak dingin sama sekali dan membutuhkan pengisian penuh setelah vacuum. Layanan mana yang sesuai?,SRVC020,4,SRVC018,Refill / Isi Full Freon R-32 - 1.5 - 2 PK,36.68802229276436,False,False,4,
Q025,multi_constraint,service_ac,bm25,AC 2 PK dengan refrigeran R-410 sudah tidak dingin sama sekali dan membutuhkan pengisian penuh setelah vacuum. Layanan mana yang sesuai?,SRVC020,5,SRVC017,Refill / Isi Full Freon R-32 - 0.5 - 1 PK,35.21596292579294,False,False,5,
Q025,multi_constraint,service_ac,e5,AC 2 PK dengan refrigeran R-410 sudah tidak dingin sama sekali dan membutuhkan pengisian penuh setelah vacuum. Layanan mana yang sesuai?,SRVC020,1,SRVC020,Refill / Isi Full Freon R-410 - 1.5 - 2 PK,0.9196346402168274,True,False,,1
Q025,multi_constraint,service_ac,e5,AC 2 PK dengan refrigeran R-410 sudah tidak dingin sama sekali dan membutuhkan pengisian penuh setelah vacuum. Layanan mana yang sesuai?,SRVC020,2,SRVC019,Refill / Isi Full Freon R-410 - 0.5 - 1 PK,0.9186081886291504,False,False,,2
Q025,multi_constraint,service_ac,e5,AC 2 PK dengan refrigeran R-410 sudah tidak dingin sama sekali dan membutuhkan pengisian penuh setelah vacuum. Layanan mana yang sesuai?,SRVC020,3,SRVC018,Refill / Isi Full Freon R-32 - 1.5 - 2 PK,0.9017371535301208,False,False,,3
Q025,multi_constraint,service_ac,e5,AC 2 PK dengan refrigeran R-410 sudah tidak dingin sama sekali dan membutuhkan pengisian penuh setelah vacuum. Layanan mana yang sesuai?,SRVC020,4,SRVC017,Refill / Isi Full Freon R-32 - 0.5 - 1 PK,0.9012612104415894,False,False,,4
Q025,multi_constraint,service_ac,e5,AC 2 PK dengan refrigeran R-410 sudah tidak dingin sama sekali dan membutuhkan pengisian penuh setelah vacuum. Layanan mana yang sesuai?,SRVC020,5,SRVC016,Refill / Isi Full Freon R-22 - 1.5 - 2 PK,0.9010003805160522,False,False,,5
Q025,multi_constraint,service_ac,hybrid_rrf,AC 2 PK dengan refrigeran R-410 sudah tidak dingin sama sekali dan membutuhkan pengisian penuh setelah vacuum. Layanan mana yang sesuai?,SRVC020,1,SRVC020,Refill / Isi Full Freon R-410 - 1.5 - 2 PK,0.03278688524590164,True,False,1,1
Q025,multi_constraint,service_ac,hybrid_rrf,AC 2 PK dengan refrigeran R-410 sudah tidak dingin sama sekali dan membutuhkan pengisian penuh setelah vacuum. Layanan mana yang sesuai?,SRVC020,2,SRVC019,Refill / Isi Full Freon R-410 - 0.5 - 1 PK,0.03225806451612903,False,False,2,2
Q025,multi_constraint,service_ac,hybrid_rrf,AC 2 PK dengan refrigeran R-410 sudah tidak dingin sama sekali dan membutuhkan pengisian penuh setelah vacuum. Layanan mana yang sesuai?,SRVC020,3,SRVC018,Refill / Isi Full Freon R-32 - 1.5 - 2 PK,0.03149801587301587,False,False,4,3
Q025,multi_constraint,service_ac,hybrid_rrf,AC 2 PK dengan refrigeran R-410 sudah tidak dingin sama sekali dan membutuhkan pengisian penuh setelah vacuum. Layanan mana yang sesuai?,SRVC020,4,SRVC016,Refill / Isi Full Freon R-22 - 1.5 - 2 PK,0.03125763125763126,False,False,3,5
Q025,multi_constraint,service_ac,hybrid_rrf,AC 2 PK dengan refrigeran R-410 sudah tidak dingin sama sekali dan membutuhkan pengisian penuh setelah vacuum. Layanan mana yang sesuai?,SRVC020,5,SRVC017,Refill / Isi Full Freon R-32 - 0.5 - 1 PK,0.031009615384615385,False,False,5,4
Q026,multi_constraint,service_ac,bm25,"Saya hanya ingin memasang unit indoor AC Split kapasitas 1.5–2 PK, bukan unit outdoor. Layanan apa yang sesuai?",SRVC074,1,SRVC073,Bongkar Outdoor AC 1.5 - 2 PK,21.586909755657924,False,False,1,
Q026,multi_constraint,service_ac,bm25,"Saya hanya ingin memasang unit indoor AC Split kapasitas 1.5–2 PK, bukan unit outdoor. Layanan apa yang sesuai?",SRVC074,2,SRVC078,"Bongkar Outdoor AC 0,5-1 PK",19.344110734398317,False,False,2,
Q026,multi_constraint,service_ac,bm25,"Saya hanya ingin memasang unit indoor AC Split kapasitas 1.5–2 PK, bukan unit outdoor. Layanan apa yang sesuai?",SRVC074,3,SRVC075,"Pasang Outdoor AC 1,5-2 PK",17.349607006830006,False,True,3,
Q026,multi_constraint,service_ac,bm25,"Saya hanya ingin memasang unit indoor AC Split kapasitas 1.5–2 PK, bukan unit outdoor. Layanan apa yang sesuai?",SRVC074,4,SRVC072,Bongkar Indoor AC 1.5 - 2 PK,16.74442704502812,False,False,4,
Q026,multi_constraint,service_ac,bm25,"Saya hanya ingin memasang unit indoor AC Split kapasitas 1.5–2 PK, bukan unit outdoor. Layanan apa yang sesuai?",SRVC074,5,SRVC026,Bongkar AC Split - 1.5 - 2 PK,15.71984096056015,False,False,5,
Q026,multi_constraint,service_ac,e5,"Saya hanya ingin memasang unit indoor AC Split kapasitas 1.5–2 PK, bukan unit outdoor. Layanan apa yang sesuai?",SRVC074,1,SRVC075,"Pasang Outdoor AC 1,5-2 PK",0.9138294458389282,False,True,,1
Q026,multi_constraint,service_ac,e5,"Saya hanya ingin memasang unit indoor AC Split kapasitas 1.5–2 PK, bukan unit outdoor. Layanan apa yang sesuai?",SRVC074,2,SRVC076,"Pasang Outdoor AC 0,5-1 PK",0.9132806658744812,False,False,,2
Q026,multi_constraint,service_ac,e5,"Saya hanya ingin memasang unit indoor AC Split kapasitas 1.5–2 PK, bukan unit outdoor. Layanan apa yang sesuai?",SRVC074,3,SRVC074,"Pasang Indoor AC 1,5-2 PK",0.9127146005630493,True,False,,3
Q026,multi_constraint,service_ac,e5,"Saya hanya ingin memasang unit indoor AC Split kapasitas 1.5–2 PK, bukan unit outdoor. Layanan apa yang sesuai?",SRVC074,4,SRVC077,"Pasang Indoor AC 0,5-1 PK",0.9068579077720642,False,True,,4
Q026,multi_constraint,service_ac,e5,"Saya hanya ingin memasang unit indoor AC Split kapasitas 1.5–2 PK, bukan unit outdoor. Layanan apa yang sesuai?",SRVC074,5,SRVC021,Jasa Pasang AC Split - 0.5 - 1 PK,0.9025923609733582,False,False,,5
Q026,multi_constraint,service_ac,hybrid_rrf,"Saya hanya ingin memasang unit indoor AC Split kapasitas 1.5–2 PK, bukan unit outdoor. Layanan apa yang sesuai?",SRVC074,1,SRVC075,"Pasang Outdoor AC 1,5-2 PK",0.032266458495966696,False,True,3,1
Q026,multi_constraint,service_ac,hybrid_rrf,"Saya hanya ingin memasang unit indoor AC Split kapasitas 1.5–2 PK, bukan unit outdoor. Layanan apa yang sesuai?",SRVC074,2,SRVC076,"Pasang Outdoor AC 0,5-1 PK",0.03128054740957967,False,False,6,2
Q026,multi_constraint,service_ac,hybrid_rrf,"Saya hanya ingin memasang unit indoor AC Split kapasitas 1.5–2 PK, bukan unit outdoor. Layanan apa yang sesuai?",SRVC074,3,SRVC072,Bongkar Indoor AC 1.5 - 2 PK,0.03055037313432836,False,False,4,7
Q026,multi_constraint,service_ac,hybrid_rrf,"Saya hanya ingin memasang unit indoor AC Split kapasitas 1.5–2 PK, bukan unit outdoor. Layanan apa yang sesuai?",SRVC074,4,SRVC073,Bongkar Outdoor AC 1.5 - 2 PK,0.03028233151183971,False,False,1,12
Q026,multi_constraint,service_ac,hybrid_rrf,"Saya hanya ingin memasang unit indoor AC Split kapasitas 1.5–2 PK, bukan unit outdoor. Layanan apa yang sesuai?",SRVC074,5,SRVC078,"Bongkar Outdoor AC 0,5-1 PK",0.03021353930031804,False,False,2,11
Q027,multi_constraint,service_ac,bm25,"Saya ingin membongkar unit indoor AC 0.5–1 PK untuk dipindahkan, dengan penanganan yang aman agar unit tidak rusak.",SRVC079,1,SRVC078,"Bongkar Outdoor AC 0,5-1 PK",26.537614323223355,False,True,1,
Q027,multi_constraint,service_ac,bm25,"Saya ingin membongkar unit indoor AC 0.5–1 PK untuk dipindahkan, dengan penanganan yang aman agar unit tidak rusak.",SRVC079,2,SRVC073,Bongkar Outdoor AC 1.5 - 2 PK,24.23972706891352,False,False,2,
Q027,multi_constraint,service_ac,bm25,"Saya ingin membongkar unit indoor AC 0.5–1 PK untuk dipindahkan, dengan penanganan yang aman agar unit tidak rusak.",SRVC079,3,SRVC079,"Bongkar Indoor AC 0,5-1 PK",23.67841357115256,True,False,3,
Q027,multi_constraint,service_ac,bm25,"Saya ingin membongkar unit indoor AC 0.5–1 PK untuk dipindahkan, dengan penanganan yang aman agar unit tidak rusak.",SRVC079,4,SRVC072,Bongkar Indoor AC 1.5 - 2 PK,22.130944317775757,False,False,4,
Q027,multi_constraint,service_ac,bm25,"Saya ingin membongkar unit indoor AC 0.5–1 PK untuk dipindahkan, dengan penanganan yang aman agar unit tidak rusak.",SRVC079,5,SRVC025,Bongkar AC Split - 0.5 - 1 PK,20.4063223243896,False,True,5,
Q027,multi_constraint,service_ac,e5,"Saya ingin membongkar unit indoor AC 0.5–1 PK untuk dipindahkan, dengan penanganan yang aman agar unit tidak rusak.",SRVC079,1,SRVC079,"Bongkar Indoor AC 0,5-1 PK",0.8598337173461914,True,False,,1
Q027,multi_constraint,service_ac,e5,"Saya ingin membongkar unit indoor AC 0.5–1 PK untuk dipindahkan, dengan penanganan yang aman agar unit tidak rusak.",SRVC079,2,SRVC072,Bongkar Indoor AC 1.5 - 2 PK,0.8562954664230347,False,False,,2
Q027,multi_constraint,service_ac,e5,"Saya ingin membongkar unit indoor AC 0.5–1 PK untuk dipindahkan, dengan penanganan yang aman agar unit tidak rusak.",SRVC079,3,SRVC078,"Bongkar Outdoor AC 0,5-1 PK",0.8436261415481567,False,True,,3
Q027,multi_constraint,service_ac,e5,"Saya ingin membongkar unit indoor AC 0.5–1 PK untuk dipindahkan, dengan penanganan yang aman agar unit tidak rusak.",SRVC079,4,SRVC073,Bongkar Outdoor AC 1.5 - 2 PK,0.8401578664779663,False,False,,4
Q027,multi_constraint,service_ac,e5,"Saya ingin membongkar unit indoor AC 0.5–1 PK untuk dipindahkan, dengan penanganan yang aman agar unit tidak rusak.",SRVC079,5,SRVC025,Bongkar AC Split - 0.5 - 1 PK,0.8392184972763062,False,True,,5
Q027,multi_constraint,service_ac,hybrid_rrf,"Saya ingin membongkar unit indoor AC 0.5–1 PK untuk dipindahkan, dengan penanganan yang aman agar unit tidak rusak.",SRVC079,1,SRVC078,"Bongkar Outdoor AC 0,5-1 PK",0.032266458495966696,False,True,1,3
Q027,multi_constraint,service_ac,hybrid_rrf,"Saya ingin membongkar unit indoor AC 0.5–1 PK untuk dipindahkan, dengan penanganan yang aman agar unit tidak rusak.",SRVC079,2,SRVC079,"Bongkar Indoor AC 0,5-1 PK",0.032266458495966696,True,False,3,1
Q027,multi_constraint,service_ac,hybrid_rrf,"Saya ingin membongkar unit indoor AC 0.5–1 PK untuk dipindahkan, dengan penanganan yang aman agar unit tidak rusak.",SRVC079,3,SRVC072,Bongkar Indoor AC 1.5 - 2 PK,0.031754032258064516,False,False,4,2
Q027,multi_constraint,service_ac,hybrid_rrf,"Saya ingin membongkar unit indoor AC 0.5–1 PK untuk dipindahkan, dengan penanganan yang aman agar unit tidak rusak.",SRVC079,4,SRVC073,Bongkar Outdoor AC 1.5 - 2 PK,0.031754032258064516,False,False,2,4
Q027,multi_constraint,service_ac,hybrid_rrf,"Saya ingin membongkar unit indoor AC 0.5–1 PK untuk dipindahkan, dengan penanganan yang aman agar unit tidak rusak.",SRVC079,5,SRVC025,Bongkar AC Split - 0.5 - 1 PK,0.03076923076923077,False,True,5,5
Q028,multi_constraint,cctv,bm25,"Saya ingin paket Hikvision 8 kamera yang terdiri dari 6 indoor dan 2 outdoor, memiliki AI untuk mengurangi alarm palsu.",SRVC052,1,SRVC052,Paket HIKVISION - 8 Kamera (6 Indoor + 2 Outdoor),35.38632889089595,True,False,1,
Q028,multi_constraint,cctv,bm25,"Saya ingin paket Hikvision 8 kamera yang terdiri dari 6 indoor dan 2 outdoor, memiliki AI untuk mengurangi alarm palsu.",SRVC052,2,SRVC049,Paket HIKVISION - 8 Kamera Indoor,29.032831478891904,False,True,2,
Q028,multi_constraint,cctv,bm25,"Saya ingin paket Hikvision 8 kamera yang terdiri dari 6 indoor dan 2 outdoor, memiliki AI untuk mengurangi alarm palsu.",SRVC052,3,SRVC058,Paket HIKVISION - 12 Kamera (10 Indoor + 2 Outdoor),28.008541866920616,False,False,3,
Q028,multi_constraint,cctv,bm25,"Saya ingin paket Hikvision 8 kamera yang terdiri dari 6 indoor dan 2 outdoor, memiliki AI untuk mengurangi alarm palsu.",SRVC052,4,SRVC053,Paket DAHUA - 8 Kamera (6 Indoor + 2 Outdoor),26.353440997592525,False,True,4,
Q028,multi_constraint,cctv,bm25,"Saya ingin paket Hikvision 8 kamera yang terdiri dari 6 indoor dan 2 outdoor, memiliki AI untuk mengurangi alarm palsu.",SRVC052,5,SRVC043,Paket HIKVISION - 4 Kamera Indoor,24.77456638392221,False,False,5,
Q028,multi_constraint,cctv,e5,"Saya ingin paket Hikvision 8 kamera yang terdiri dari 6 indoor dan 2 outdoor, memiliki AI untuk mengurangi alarm palsu.",SRVC052,1,SRVC052,Paket HIKVISION - 8 Kamera (6 Indoor + 2 Outdoor),0.8466634750366211,True,False,,1
Q028,multi_constraint,cctv,e5,"Saya ingin paket Hikvision 8 kamera yang terdiri dari 6 indoor dan 2 outdoor, memiliki AI untuk mengurangi alarm palsu.",SRVC052,2,SRVC049,Paket HIKVISION - 8 Kamera Indoor,0.8429857492446899,False,True,,2
Q028,multi_constraint,cctv,e5,"Saya ingin paket Hikvision 8 kamera yang terdiri dari 6 indoor dan 2 outdoor, memiliki AI untuk mengurangi alarm palsu.",SRVC052,3,SRVC061,Paket HIKVISION - 16 Kamera (12 Indoor + 4 Outdoor),0.8409677147865295,False,False,,3
Q028,multi_constraint,cctv,e5,"Saya ingin paket Hikvision 8 kamera yang terdiri dari 6 indoor dan 2 outdoor, memiliki AI untuk mengurangi alarm palsu.",SRVC052,4,SRVC058,Paket HIKVISION - 12 Kamera (10 Indoor + 2 Outdoor),0.8390591144561768,False,False,,4
Q028,multi_constraint,cctv,e5,"Saya ingin paket Hikvision 8 kamera yang terdiri dari 6 indoor dan 2 outdoor, memiliki AI untuk mengurangi alarm palsu.",SRVC052,5,SRVC046,Paket HIKVISION - 4 Kamera (2 Indoor + 2 Outdoor),0.8359267711639404,False,False,,5
Q028,multi_constraint,cctv,hybrid_rrf,"Saya ingin paket Hikvision 8 kamera yang terdiri dari 6 indoor dan 2 outdoor, memiliki AI untuk mengurangi alarm palsu.",SRVC052,1,SRVC052,Paket HIKVISION - 8 Kamera (6 Indoor + 2 Outdoor),0.03278688524590164,True,False,1,1
Q028,multi_constraint,cctv,hybrid_rrf,"Saya ingin paket Hikvision 8 kamera yang terdiri dari 6 indoor dan 2 outdoor, memiliki AI untuk mengurangi alarm palsu.",SRVC052,2,SRVC049,Paket HIKVISION - 8 Kamera Indoor,0.03225806451612903,False,True,2,2
Q028,multi_constraint,cctv,hybrid_rrf,"Saya ingin paket Hikvision 8 kamera yang terdiri dari 6 indoor dan 2 outdoor, memiliki AI untuk mengurangi alarm palsu.",SRVC052,3,SRVC058,Paket HIKVISION - 12 Kamera (10 Indoor + 2 Outdoor),0.03149801587301587,False,False,3,4
Q028,multi_constraint,cctv,hybrid_rrf,"Saya ingin paket Hikvision 8 kamera yang terdiri dari 6 indoor dan 2 outdoor, memiliki AI untuk mengurangi alarm palsu.",SRVC052,4,SRVC061,Paket HIKVISION - 16 Kamera (12 Indoor + 4 Outdoor),0.03036576949620428,False,False,9,3
Q028,multi_constraint,cctv,hybrid_rrf,"Saya ingin paket Hikvision 8 kamera yang terdiri dari 6 indoor dan 2 outdoor, memiliki AI untuk mengurangi alarm palsu.",SRVC052,5,SRVC043,Paket HIKVISION - 4 Kamera Indoor,0.030309988518943745,False,False,5,7
Q029,multi_constraint,cctv,bm25,Saya membutuhkan paket Dahua 12 kamera indoor dengan AI deteksi manusia/kendaraan dan kapasitas penyimpanan HDD 2 TB.,SRVC056,1,SRVC056,Paket DAHUA - 12 Kamera Indoor,36.81902073305517,True,False,1,
Q029,multi_constraint,cctv,bm25,Saya membutuhkan paket Dahua 12 kamera indoor dengan AI deteksi manusia/kendaraan dan kapasitas penyimpanan HDD 2 TB.,SRVC056,2,SRVC062,Paket DAHUA - 16 Kamera (12 Indoor + 4 Outdoor),34.63437981546526,False,False,2,
Q029,multi_constraint,cctv,bm25,Saya membutuhkan paket Dahua 12 kamera indoor dengan AI deteksi manusia/kendaraan dan kapasitas penyimpanan HDD 2 TB.,SRVC056,3,SRVC042,Paket DAHUA - 4 Kamera Indoor,31.063112389134115,False,False,3,
Q029,multi_constraint,cctv,bm25,Saya membutuhkan paket Dahua 12 kamera indoor dengan AI deteksi manusia/kendaraan dan kapasitas penyimpanan HDD 2 TB.,SRVC056,4,SRVC059,Paket DAHUA - 12 Kamera (10 Indoor + 2 Outdoor),27.58469476553334,False,False,4,
Q029,multi_constraint,cctv,bm25,Saya membutuhkan paket Dahua 12 kamera indoor dengan AI deteksi manusia/kendaraan dan kapasitas penyimpanan HDD 2 TB.,SRVC056,5,SRVC047,Paket DAHUA - 4 Kamera (2 Indoor + 2 Outdoor),26.019550181395502,False,False,5,
Q029,multi_constraint,cctv,e5,Saya membutuhkan paket Dahua 12 kamera indoor dengan AI deteksi manusia/kendaraan dan kapasitas penyimpanan HDD 2 TB.,SRVC056,1,SRVC056,Paket DAHUA - 12 Kamera Indoor,0.8594932556152344,True,False,,1
Q029,multi_constraint,cctv,e5,Saya membutuhkan paket Dahua 12 kamera indoor dengan AI deteksi manusia/kendaraan dan kapasitas penyimpanan HDD 2 TB.,SRVC056,2,SRVC059,Paket DAHUA - 12 Kamera (10 Indoor + 2 Outdoor),0.8545539379119873,False,False,,2
Q029,multi_constraint,cctv,e5,Saya membutuhkan paket Dahua 12 kamera indoor dengan AI deteksi manusia/kendaraan dan kapasitas penyimpanan HDD 2 TB.,SRVC056,3,SRVC042,Paket DAHUA - 4 Kamera Indoor,0.852622389793396,False,False,,3
Q029,multi_constraint,cctv,e5,Saya membutuhkan paket Dahua 12 kamera indoor dengan AI deteksi manusia/kendaraan dan kapasitas penyimpanan HDD 2 TB.,SRVC056,4,SRVC050,Paket DAHUA - 8 Kamera Indoor,0.8489508628845215,False,False,,4
Q029,multi_constraint,cctv,e5,Saya membutuhkan paket Dahua 12 kamera indoor dengan AI deteksi manusia/kendaraan dan kapasitas penyimpanan HDD 2 TB.,SRVC056,5,SRVC047,Paket DAHUA - 4 Kamera (2 Indoor + 2 Outdoor),0.8443833589553833,False,False,,5
Q029,multi_constraint,cctv,hybrid_rrf,Saya membutuhkan paket Dahua 12 kamera indoor dengan AI deteksi manusia/kendaraan dan kapasitas penyimpanan HDD 2 TB.,SRVC056,1,SRVC056,Paket DAHUA - 12 Kamera Indoor,0.03278688524590164,True,False,1,1
Q029,multi_constraint,cctv,hybrid_rrf,Saya membutuhkan paket Dahua 12 kamera indoor dengan AI deteksi manusia/kendaraan dan kapasitas penyimpanan HDD 2 TB.,SRVC056,2,SRVC059,Paket DAHUA - 12 Kamera (10 Indoor + 2 Outdoor),0.031754032258064516,False,False,4,2
Q029,multi_constraint,cctv,hybrid_rrf,Saya membutuhkan paket Dahua 12 kamera indoor dengan AI deteksi manusia/kendaraan dan kapasitas penyimpanan HDD 2 TB.,SRVC056,3,SRVC042,Paket DAHUA - 4 Kamera Indoor,0.031746031746031744,False,False,3,3
Q029,multi_constraint,cctv,hybrid_rrf,Saya membutuhkan paket Dahua 12 kamera indoor dengan AI deteksi manusia/kendaraan dan kapasitas penyimpanan HDD 2 TB.,SRVC056,4,SRVC062,Paket DAHUA - 16 Kamera (12 Indoor + 4 Outdoor),0.031054405392392875,False,False,2,7
Q029,multi_constraint,cctv,hybrid_rrf,Saya membutuhkan paket Dahua 12 kamera indoor dengan AI deteksi manusia/kendaraan dan kapasitas penyimpanan HDD 2 TB.,SRVC056,5,SRVC047,Paket DAHUA - 4 Kamera (2 Indoor + 2 Outdoor),0.03076923076923077,False,False,5,5
Q030,multi_constraint,cctv,bm25,"Saya membutuhkan sistem Hikvision 16 kamera untuk skala besar, terdiri dari 12 indoor dan 4 outdoor serta dirancang untuk operasi 24/7.",SRVC061,1,SRVC061,Paket HIKVISION - 16 Kamera (12 Indoor + 4 Outdoor),35.54370208661519,True,False,1,
Q030,multi_constraint,cctv,bm25,"Saya membutuhkan sistem Hikvision 16 kamera untuk skala besar, terdiri dari 12 indoor dan 4 outdoor serta dirancang untuk operasi 24/7.",SRVC061,2,SRVC055,Paket HIKVISION - 12 Kamera Indoor,30.07519857726345,False,False,2,
Q030,multi_constraint,cctv,bm25,"Saya membutuhkan sistem Hikvision 16 kamera untuk skala besar, terdiri dari 12 indoor dan 4 outdoor serta dirancang untuk operasi 24/7.",SRVC061,3,SRVC060,Paket SPC - 16 Kamera (12 Indoor + 4 Outdoor),29.602555082939354,False,True,3,
Q030,multi_constraint,cctv,bm25,"Saya membutuhkan sistem Hikvision 16 kamera untuk skala besar, terdiri dari 12 indoor dan 4 outdoor serta dirancang untuk operasi 24/7.",SRVC061,4,SRVC058,Paket HIKVISION - 12 Kamera (10 Indoor + 2 Outdoor),26.702791248057984,False,False,4,
Q030,multi_constraint,cctv,bm25,"Saya membutuhkan sistem Hikvision 16 kamera untuk skala besar, terdiri dari 12 indoor dan 4 outdoor serta dirancang untuk operasi 24/7.",SRVC061,5,SRVC054,Paket SPC - 12 Kamera Indoor,26.092869666322095,False,False,5,
Q030,multi_constraint,cctv,e5,"Saya membutuhkan sistem Hikvision 16 kamera untuk skala besar, terdiri dari 12 indoor dan 4 outdoor serta dirancang untuk operasi 24/7.",SRVC061,1,SRVC061,Paket HIKVISION - 16 Kamera (12 Indoor + 4 Outdoor),0.8412763476371765,True,False,,1
Q030,multi_constraint,cctv,e5,"Saya membutuhkan sistem Hikvision 16 kamera untuk skala besar, terdiri dari 12 indoor dan 4 outdoor serta dirancang untuk operasi 24/7.",SRVC061,2,SRVC055,Paket HIKVISION - 12 Kamera Indoor,0.836594820022583,False,False,,2
Q030,multi_constraint,cctv,e5,"Saya membutuhkan sistem Hikvision 16 kamera untuk skala besar, terdiri dari 12 indoor dan 4 outdoor serta dirancang untuk operasi 24/7.",SRVC061,3,SRVC058,Paket HIKVISION - 12 Kamera (10 Indoor + 2 Outdoor),0.8357032537460327,False,False,,3
Q030,multi_constraint,cctv,e5,"Saya membutuhkan sistem Hikvision 16 kamera untuk skala besar, terdiri dari 12 indoor dan 4 outdoor serta dirancang untuk operasi 24/7.",SRVC061,4,SRVC046,Paket HIKVISION - 4 Kamera (2 Indoor + 2 Outdoor),0.8347979784011841,False,False,,4
Q030,multi_constraint,cctv,e5,"Saya membutuhkan sistem Hikvision 16 kamera untuk skala besar, terdiri dari 12 indoor dan 4 outdoor serta dirancang untuk operasi 24/7.",SRVC061,5,SRVC049,Paket HIKVISION - 8 Kamera Indoor,0.8330893516540527,False,False,,5
Q030,multi_constraint,cctv,hybrid_rrf,"Saya membutuhkan sistem Hikvision 16 kamera untuk skala besar, terdiri dari 12 indoor dan 4 outdoor serta dirancang untuk operasi 24/7.",SRVC061,1,SRVC061,Paket HIKVISION - 16 Kamera (12 Indoor + 4 Outdoor),0.03278688524590164,True,False,1,1
Q030,multi_constraint,cctv,hybrid_rrf,"Saya membutuhkan sistem Hikvision 16 kamera untuk skala besar, terdiri dari 12 indoor dan 4 outdoor serta dirancang untuk operasi 24/7.",SRVC061,2,SRVC055,Paket HIKVISION - 12 Kamera Indoor,0.03225806451612903,False,False,2,2
Q030,multi_constraint,cctv,hybrid_rrf,"Saya membutuhkan sistem Hikvision 16 kamera untuk skala besar, terdiri dari 12 indoor dan 4 outdoor serta dirancang untuk operasi 24/7.",SRVC061,3,SRVC058,Paket HIKVISION - 12 Kamera (10 Indoor + 2 Outdoor),0.03149801587301587,False,False,4,3
Q030,multi_constraint,cctv,hybrid_rrf,"Saya membutuhkan sistem Hikvision 16 kamera untuk skala besar, terdiri dari 12 indoor dan 4 outdoor serta dirancang untuk operasi 24/7.",SRVC061,4,SRVC049,Paket HIKVISION - 8 Kamera Indoor,0.030536130536130537,False,False,6,5
Q030,multi_constraint,cctv,hybrid_rrf,"Saya membutuhkan sistem Hikvision 16 kamera untuk skala besar, terdiri dari 12 indoor dan 4 outdoor serta dirancang untuk operasi 24/7.",SRVC061,5,SRVC054,Paket SPC - 12 Kamera Indoor,0.030090497737556562,False,False,5,8
Q031,fine_grained,product_ac,bm25,"Saya mencari Mitsubishi 1.5 PK yang pada katalog tercantum sebagai varian R32, bukan versi Thailand.",KDP035,1,KDP036,MITSHUBISHI THAILAND - 1.5 PK,17.401679211865478,False,True,1,
Q031,fine_grained,product_ac,bm25,"Saya mencari Mitsubishi 1.5 PK yang pada katalog tercantum sebagai varian R32, bukan versi Thailand.",KDP035,2,KDP044,MITSHUBISHI THAILAND - 2 PK,14.103637312172385,False,False,2,
Q031,fine_grained,product_ac,bm25,"Saya mencari Mitsubishi 1.5 PK yang pada katalog tercantum sebagai varian R32, bukan versi Thailand.",KDP035,3,KDP035,MITSHUBISHI R32 - 1.5 PK,10.733702839199525,True,False,3,
Q031,fine_grained,product_ac,bm25,"Saya mencari Mitsubishi 1.5 PK yang pada katalog tercantum sebagai varian R32, bukan versi Thailand.",KDP035,4,KDP055,MITSUBISHI R32 - 2 PK,10.395016276667617,False,False,4,
Q031,fine_grained,product_ac,bm25,"Saya mencari Mitsubishi 1.5 PK yang pada katalog tercantum sebagai varian R32, bukan versi Thailand.",KDP035,5,KDP003,MITSUBISHI R32 - 0.5 PK,10.021138446144848,False,False,5,
Q031,fine_grained,product_ac,e5,"Saya mencari Mitsubishi 1.5 PK yang pada katalog tercantum sebagai varian R32, bukan versi Thailand.",KDP035,1,KDP026,MITSHUBISHI R32 - 1 PK,0.8306396007537842,False,False,,1
Q031,fine_grained,product_ac,e5,"Saya mencari Mitsubishi 1.5 PK yang pada katalog tercantum sebagai varian R32, bukan versi Thailand.",KDP035,2,KDP003,MITSUBISHI R32 - 0.5 PK,0.829543948173523,False,False,,2
Q031,fine_grained,product_ac,e5,"Saya mencari Mitsubishi 1.5 PK yang pada katalog tercantum sebagai varian R32, bukan versi Thailand.",KDP035,3,KDP035,MITSHUBISHI R32 - 1.5 PK,0.8289798498153687,True,False,,3
Q031,fine_grained,product_ac,e5,"Saya mencari Mitsubishi 1.5 PK yang pada katalog tercantum sebagai varian R32, bukan versi Thailand.",KDP035,4,KDP055,MITSUBISHI R32 - 2 PK,0.8286566734313965,False,False,,4
Q031,fine_grained,product_ac,e5,"Saya mencari Mitsubishi 1.5 PK yang pada katalog tercantum sebagai varian R32, bukan versi Thailand.",KDP035,5,KDP036,MITSHUBISHI THAILAND - 1.5 PK,0.8206263780593872,False,True,,5
Q031,fine_grained,product_ac,hybrid_rrf,"Saya mencari Mitsubishi 1.5 PK yang pada katalog tercantum sebagai varian R32, bukan versi Thailand.",KDP035,1,KDP036,MITSHUBISHI THAILAND - 1.5 PK,0.03177805800756621,False,True,1,5
Q031,fine_grained,product_ac,hybrid_rrf,"Saya mencari Mitsubishi 1.5 PK yang pada katalog tercantum sebagai varian R32, bukan versi Thailand.",KDP035,2,KDP035,MITSHUBISHI R32 - 1.5 PK,0.031746031746031744,True,False,3,3
Q031,fine_grained,product_ac,hybrid_rrf,"Saya mencari Mitsubishi 1.5 PK yang pada katalog tercantum sebagai varian R32, bukan versi Thailand.",KDP035,3,KDP026,MITSHUBISHI R32 - 1 PK,0.031544957774465976,False,False,6,1
Q031,fine_grained,product_ac,hybrid_rrf,"Saya mencari Mitsubishi 1.5 PK yang pada katalog tercantum sebagai varian R32, bukan versi Thailand.",KDP035,4,KDP003,MITSUBISHI R32 - 0.5 PK,0.0315136476426799,False,False,5,2
Q031,fine_grained,product_ac,hybrid_rrf,"Saya mencari Mitsubishi 1.5 PK yang pada katalog tercantum sebagai varian R32, bukan versi Thailand.",KDP035,5,KDP044,MITSHUBISHI THAILAND - 2 PK,0.03128054740957967,False,False,2,6
Q032,fine_grained,product_ac,bm25,"Saya ingin Polytron 0.5 PK versi produksi Indonesia, bukan versi China maupun Polytron standar.",KDP013,1,KDP013,POLYTRON INDO - 0.5 PK,30.822237508912977,True,False,1,
Q032,fine_grained,product_ac,bm25,"Saya ingin Polytron 0.5 PK versi produksi Indonesia, bukan versi China maupun Polytron standar.",KDP013,2,KDP014,POLYTRON CHINA - 0.5 PK,25.53735175113399,False,True,2,
Q032,fine_grained,product_ac,bm25,"Saya ingin Polytron 0.5 PK versi produksi Indonesia, bukan versi China maupun Polytron standar.",KDP013,3,KDP021,POLYTRON - 1 PK,18.21467460022014,False,False,3,
Q032,fine_grained,product_ac,bm25,"Saya ingin Polytron 0.5 PK versi produksi Indonesia, bukan versi China maupun Polytron standar.",KDP013,4,KDP010,POLYTRON - 0.5 PK,17.06369011989563,False,True,4,
Q032,fine_grained,product_ac,bm25,"Saya ingin Polytron 0.5 PK versi produksi Indonesia, bukan versi China maupun Polytron standar.",KDP013,5,KDP054,POLYTRON - 1.5 PK,14.596935481448913,False,False,5,
Q032,fine_grained,product_ac,e5,"Saya ingin Polytron 0.5 PK versi produksi Indonesia, bukan versi China maupun Polytron standar.",KDP013,1,KDP014,POLYTRON CHINA - 0.5 PK,0.8358347415924072,False,True,,1
Q032,fine_grained,product_ac,e5,"Saya ingin Polytron 0.5 PK versi produksi Indonesia, bukan versi China maupun Polytron standar.",KDP013,2,KDP013,POLYTRON INDO - 0.5 PK,0.8306933045387268,True,False,,2
Q032,fine_grained,product_ac,e5,"Saya ingin Polytron 0.5 PK versi produksi Indonesia, bukan versi China maupun Polytron standar.",KDP013,3,KDP010,POLYTRON - 0.5 PK,0.8263413906097412,False,True,,3
Q032,fine_grained,product_ac,e5,"Saya ingin Polytron 0.5 PK versi produksi Indonesia, bukan versi China maupun Polytron standar.",KDP013,4,KDP021,POLYTRON - 1 PK,0.8255601525306702,False,False,,4
Q032,fine_grained,product_ac,e5,"Saya ingin Polytron 0.5 PK versi produksi Indonesia, bukan versi China maupun Polytron standar.",KDP013,5,KDP054,POLYTRON - 1.5 PK,0.8226135969161987,False,False,,5
Q032,fine_grained,product_ac,hybrid_rrf,"Saya ingin Polytron 0.5 PK versi produksi Indonesia, bukan versi China maupun Polytron standar.",KDP013,1,KDP013,POLYTRON INDO - 0.5 PK,0.03252247488101534,True,False,1,2
Q032,fine_grained,product_ac,hybrid_rrf,"Saya ingin Polytron 0.5 PK versi produksi Indonesia, bukan versi China maupun Polytron standar.",KDP013,2,KDP014,POLYTRON CHINA - 0.5 PK,0.03252247488101534,False,True,2,1
Q032,fine_grained,product_ac,hybrid_rrf,"Saya ingin Polytron 0.5 PK versi produksi Indonesia, bukan versi China maupun Polytron standar.",KDP013,3,KDP010,POLYTRON - 0.5 PK,0.03149801587301587,False,True,4,3
Q032,fine_grained,product_ac,hybrid_rrf,"Saya ingin Polytron 0.5 PK versi produksi Indonesia, bukan versi China maupun Polytron standar.",KDP013,4,KDP021,POLYTRON - 1 PK,0.03149801587301587,False,False,3,4
Q032,fine_grained,product_ac,hybrid_rrf,"Saya ingin Polytron 0.5 PK versi produksi Indonesia, bukan versi China maupun Polytron standar.",KDP013,5,KDP054,POLYTRON - 1.5 PK,0.03076923076923077,False,False,5,5
Q033,fine_grained,product_ac,bm25,"Saya mencari Daikin 2 PK versi Thailand, bukan Daikin 2 PK biasa.",KDP045,1,KDP045,DAIKIN THAILAND - 2 PK,23.456183743010033,True,False,1,
Q033,fine_grained,product_ac,bm25,"Saya mencari Daikin 2 PK versi Thailand, bukan Daikin 2 PK biasa.",KDP045,2,KDP027,DAIKIN THAILAND - 1 PK,20.596836962491373,False,False,2,
Q033,fine_grained,product_ac,bm25,"Saya mencari Daikin 2 PK versi Thailand, bukan Daikin 2 PK biasa.",KDP045,3,KDP004,DAIKIN THAILAND - 0.5 PK,20.236176388841425,False,False,3,
Q033,fine_grained,product_ac,bm25,"Saya mencari Daikin 2 PK versi Thailand, bukan Daikin 2 PK biasa.",KDP045,4,KDP056,DAIKIN 2 PK,19.348566845203386,False,True,4,
Q033,fine_grained,product_ac,bm25,"Saya mencari Daikin 2 PK versi Thailand, bukan Daikin 2 PK biasa.",KDP045,5,KDP037,DAIKIN - 1.5 PK,17.209642094108315,False,False,5,
Q033,fine_grained,product_ac,e5,"Saya mencari Daikin 2 PK versi Thailand, bukan Daikin 2 PK biasa.",KDP045,1,KDP027,DAIKIN THAILAND - 1 PK,0.7878819704055786,False,False,,1
Q033,fine_grained,product_ac,e5,"Saya mencari Daikin 2 PK versi Thailand, bukan Daikin 2 PK biasa.",KDP045,2,KDP004,DAIKIN THAILAND - 0.5 PK,0.787344217300415,False,False,,2
Q033,fine_grained,product_ac,e5,"Saya mencari Daikin 2 PK versi Thailand, bukan Daikin 2 PK biasa.",KDP045,3,KDP045,DAIKIN THAILAND - 2 PK,0.7868531346321106,True,False,,3
Q033,fine_grained,product_ac,e5,"Saya mencari Daikin 2 PK versi Thailand, bukan Daikin 2 PK biasa.",KDP045,4,KDP056,DAIKIN 2 PK,0.7748483419418335,False,True,,4
Q033,fine_grained,product_ac,e5,"Saya mencari Daikin 2 PK versi Thailand, bukan Daikin 2 PK biasa.",KDP045,5,KDP044,MITSHUBISHI THAILAND - 2 PK,0.769551157951355,False,False,,5
Q033,fine_grained,product_ac,hybrid_rrf,"Saya mencari Daikin 2 PK versi Thailand, bukan Daikin 2 PK biasa.",KDP045,1,KDP027,DAIKIN THAILAND - 1 PK,0.03252247488101534,False,False,2,1
Q033,fine_grained,product_ac,hybrid_rrf,"Saya mencari Daikin 2 PK versi Thailand, bukan Daikin 2 PK biasa.",KDP045,2,KDP045,DAIKIN THAILAND - 2 PK,0.032266458495966696,True,False,1,3
Q033,fine_grained,product_ac,hybrid_rrf,"Saya mencari Daikin 2 PK versi Thailand, bukan Daikin 2 PK biasa.",KDP045,3,KDP004,DAIKIN THAILAND - 0.5 PK,0.03200204813108039,False,False,3,2
Q033,fine_grained,product_ac,hybrid_rrf,"Saya mencari Daikin 2 PK versi Thailand, bukan Daikin 2 PK biasa.",KDP045,4,KDP056,DAIKIN 2 PK,0.03125,False,True,4,4
Q033,fine_grained,product_ac,hybrid_rrf,"Saya mencari Daikin 2 PK versi Thailand, bukan Daikin 2 PK biasa.",KDP045,5,KDP044,MITSHUBISHI THAILAND - 2 PK,0.030309988518943745,False,False,7,5
Q034,fine_grained,service_ac,bm25,"Saya hanya ingin menambah Freon R-22 untuk AC 2 PK karena freonnya berkurang, bukan melakukan refill atau isi penuh.",SRVC015,1,SRVC016,Refill / Isi Full Freon R-22 - 1.5 - 2 PK,27.93606549689989,False,True,1,
Q034,fine_grained,service_ac,bm25,"Saya hanya ingin menambah Freon R-22 untuk AC 2 PK karena freonnya berkurang, bukan melakukan refill atau isi penuh.",SRVC015,2,SRVC085,Refill / Isi Full Freon R-22 - 0.5 - 1 PK,26.46400612992846,False,False,2,
Q034,fine_grained,service_ac,bm25,"Saya hanya ingin menambah Freon R-22 untuk AC 2 PK karena freonnya berkurang, bukan melakukan refill atau isi penuh.",SRVC015,3,SRVC018,Refill / Isi Full Freon R-32 - 1.5 - 2 PK,22.188133732351,False,False,3,
Q034,fine_grained,service_ac,bm25,"Saya hanya ingin menambah Freon R-22 untuk AC 2 PK karena freonnya berkurang, bukan melakukan refill atau isi penuh.",SRVC015,4,SRVC020,Refill / Isi Full Freon R-410 - 1.5 - 2 PK,22.188133732351,False,False,4,
Q034,fine_grained,service_ac,bm25,"Saya hanya ingin menambah Freon R-22 untuk AC 2 PK karena freonnya berkurang, bukan melakukan refill atau isi penuh.",SRVC015,5,SRVC017,Refill / Isi Full Freon R-32 - 0.5 - 1 PK,20.716074365379573,False,False,5,
Q034,fine_grained,service_ac,e5,"Saya hanya ingin menambah Freon R-22 untuk AC 2 PK karena freonnya berkurang, bukan melakukan refill atau isi penuh.",SRVC015,1,SRVC016,Refill / Isi Full Freon R-22 - 1.5 - 2 PK,0.8579050302505493,False,True,,1
Q034,fine_grained,service_ac,e5,"Saya hanya ingin menambah Freon R-22 untuk AC 2 PK karena freonnya berkurang, bukan melakukan refill atau isi penuh.",SRVC015,2,SRVC085,Refill / Isi Full Freon R-22 - 0.5 - 1 PK,0.85723876953125,False,False,,2
Q034,fine_grained,service_ac,e5,"Saya hanya ingin menambah Freon R-22 untuk AC 2 PK karena freonnya berkurang, bukan melakukan refill atau isi penuh.",SRVC015,3,SRVC009,Penambah Freon R-22 - 0.5 - 1 PK,0.8533391952514648,False,False,,3
Q034,fine_grained,service_ac,e5,"Saya hanya ingin menambah Freon R-22 untuk AC 2 PK karena freonnya berkurang, bukan melakukan refill atau isi penuh.",SRVC015,4,SRVC018,Refill / Isi Full Freon R-32 - 1.5 - 2 PK,0.8520804643630981,False,False,,4
Q034,fine_grained,service_ac,e5,"Saya hanya ingin menambah Freon R-22 untuk AC 2 PK karena freonnya berkurang, bukan melakukan refill atau isi penuh.",SRVC015,5,SRVC017,Refill / Isi Full Freon R-32 - 0.5 - 1 PK,0.8509992361068726,False,False,,5
Q034,fine_grained,service_ac,hybrid_rrf,"Saya hanya ingin menambah Freon R-22 untuk AC 2 PK karena freonnya berkurang, bukan melakukan refill atau isi penuh.",SRVC015,1,SRVC016,Refill / Isi Full Freon R-22 - 1.5 - 2 PK,0.03278688524590164,False,True,1,1
Q034,fine_grained,service_ac,hybrid_rrf,"Saya hanya ingin menambah Freon R-22 untuk AC 2 PK karena freonnya berkurang, bukan melakukan refill atau isi penuh.",SRVC015,2,SRVC085,Refill / Isi Full Freon R-22 - 0.5 - 1 PK,0.03225806451612903,False,False,2,2
Q034,fine_grained,service_ac,hybrid_rrf,"Saya hanya ingin menambah Freon R-22 untuk AC 2 PK karena freonnya berkurang, bukan melakukan refill atau isi penuh.",SRVC015,3,SRVC018,Refill / Isi Full Freon R-32 - 1.5 - 2 PK,0.03149801587301587,False,False,3,4
Q034,fine_grained,service_ac,hybrid_rrf,"Saya hanya ingin menambah Freon R-22 untuk AC 2 PK karena freonnya berkurang, bukan melakukan refill atau isi penuh.",SRVC015,4,SRVC009,Penambah Freon R-22 - 0.5 - 1 PK,0.030798389007344232,False,False,7,3
Q034,fine_grained,service_ac,hybrid_rrf,"Saya hanya ingin menambah Freon R-22 untuk AC 2 PK karena freonnya berkurang, bukan melakukan refill atau isi penuh.",SRVC015,5,SRVC017,Refill / Isi Full Freon R-32 - 0.5 - 1 PK,0.03076923076923077,False,False,5,5
Q035,fine_grained,service_ac,bm25,"Saya ingin membongkar bagian outdoor AC 1.5–2 PK saja, bukan unit indoor.",SRVC073,1,SRVC073,Bongkar Outdoor AC 1.5 - 2 PK,13.910330714793057,True,False,1,
Q035,fine_grained,service_ac,bm25,"Saya ingin membongkar bagian outdoor AC 1.5–2 PK saja, bukan unit indoor.",SRVC073,2,SRVC078,"Bongkar Outdoor AC 0,5-1 PK",11.667531693533457,False,False,2,
Q035,fine_grained,service_ac,bm25,"Saya ingin membongkar bagian outdoor AC 1.5–2 PK saja, bukan unit indoor.",SRVC073,3,KDP047,GREE - 2 PK,11.168293395953448,False,False,3,
Q035,fine_grained,service_ac,bm25,"Saya ingin membongkar bagian outdoor AC 1.5–2 PK saja, bukan unit indoor.",SRVC073,4,SRVC072,Bongkar Indoor AC 1.5 - 2 PK,10.64325512038163,False,True,4,
Q035,fine_grained,service_ac,bm25,"Saya ingin membongkar bagian outdoor AC 1.5–2 PK saja, bukan unit indoor.",SRVC073,5,KDP039,GREE - 1.5 PK,10.129518752292412,False,False,5,
Q035,fine_grained,service_ac,e5,"Saya ingin membongkar bagian outdoor AC 1.5–2 PK saja, bukan unit indoor.",SRVC073,1,SRVC072,Bongkar Indoor AC 1.5 - 2 PK,0.8769938945770264,False,True,,1
Q035,fine_grained,service_ac,e5,"Saya ingin membongkar bagian outdoor AC 1.5–2 PK saja, bukan unit indoor.",SRVC073,2,SRVC079,"Bongkar Indoor AC 0,5-1 PK",0.8746967315673828,False,False,,2
Q035,fine_grained,service_ac,e5,"Saya ingin membongkar bagian outdoor AC 1.5–2 PK saja, bukan unit indoor.",SRVC073,3,SRVC078,"Bongkar Outdoor AC 0,5-1 PK",0.869909405708313,False,False,,3
Q035,fine_grained,service_ac,e5,"Saya ingin membongkar bagian outdoor AC 1.5–2 PK saja, bukan unit indoor.",SRVC073,4,SRVC073,Bongkar Outdoor AC 1.5 - 2 PK,0.8696243166923523,True,False,,4
Q035,fine_grained,service_ac,e5,"Saya ingin membongkar bagian outdoor AC 1.5–2 PK saja, bukan unit indoor.",SRVC073,5,SRVC075,"Pasang Outdoor AC 1,5-2 PK",0.8680425882339478,False,False,,5
Q035,fine_grained,service_ac,hybrid_rrf,"Saya ingin membongkar bagian outdoor AC 1.5–2 PK saja, bukan unit indoor.",SRVC073,1,SRVC072,Bongkar Indoor AC 1.5 - 2 PK,0.032018442622950824,False,True,4,1
Q035,fine_grained,service_ac,hybrid_rrf,"Saya ingin membongkar bagian outdoor AC 1.5–2 PK saja, bukan unit indoor.",SRVC073,2,SRVC073,Bongkar Outdoor AC 1.5 - 2 PK,0.032018442622950824,True,False,1,4
Q035,fine_grained,service_ac,hybrid_rrf,"Saya ingin membongkar bagian outdoor AC 1.5–2 PK saja, bukan unit indoor.",SRVC073,3,SRVC078,"Bongkar Outdoor AC 0,5-1 PK",0.03200204813108039,False,False,2,3
Q035,fine_grained,service_ac,hybrid_rrf,"Saya ingin membongkar bagian outdoor AC 1.5–2 PK saja, bukan unit indoor.",SRVC073,4,SRVC075,"Pasang Outdoor AC 1,5-2 PK",0.030536130536130537,False,False,6,5
Q035,fine_grained,service_ac,hybrid_rrf,"Saya ingin membongkar bagian outdoor AC 1.5–2 PK saja, bukan unit indoor.",SRVC073,5,SRVC079,"Bongkar Indoor AC 0,5-1 PK",0.0304147465437788,False,False,10,2
Q036,fine_grained,service_ac,bm25,"Saya hanya ingin memasang unit outdoor AC 0.5–1 PK, bukan unit indoor.",SRVC076,1,SRVC078,"Bongkar Outdoor AC 0,5-1 PK",17.080134814801053,False,False,1,
Q036,fine_grained,service_ac,bm25,"Saya hanya ingin memasang unit outdoor AC 0.5–1 PK, bukan unit indoor.",SRVC076,2,SRVC073,Bongkar Outdoor AC 1.5 - 2 PK,14.782247560491212,False,False,2,
Q036,fine_grained,service_ac,bm25,"Saya hanya ingin memasang unit outdoor AC 0.5–1 PK, bukan unit indoor.",SRVC076,3,SRVC079,"Bongkar Indoor AC 0,5-1 PK",12.200714579842609,False,False,3,
Q036,fine_grained,service_ac,bm25,"Saya hanya ingin memasang unit outdoor AC 0.5–1 PK, bukan unit indoor.",SRVC076,4,SRVC076,"Pasang Outdoor AC 0,5-1 PK",11.336469396444667,True,False,4,
Q036,fine_grained,service_ac,bm25,"Saya hanya ingin memasang unit outdoor AC 0.5–1 PK, bukan unit indoor.",SRVC076,5,SRVC072,Bongkar Indoor AC 1.5 - 2 PK,10.653245326465813,False,False,5,
Q036,fine_grained,service_ac,e5,"Saya hanya ingin memasang unit outdoor AC 0.5–1 PK, bukan unit indoor.",SRVC076,1,SRVC076,"Pasang Outdoor AC 0,5-1 PK",0.8616474270820618,True,False,,1
Q036,fine_grained,service_ac,e5,"Saya hanya ingin memasang unit outdoor AC 0.5–1 PK, bukan unit indoor.",SRVC076,2,SRVC075,"Pasang Outdoor AC 1,5-2 PK",0.8592206835746765,False,False,,2
Q036,fine_grained,service_ac,e5,"Saya hanya ingin memasang unit outdoor AC 0.5–1 PK, bukan unit indoor.",SRVC076,3,SRVC077,"Pasang Indoor AC 0,5-1 PK",0.852462649345398,False,True,,3
Q036,fine_grained,service_ac,e5,"Saya hanya ingin memasang unit outdoor AC 0.5–1 PK, bukan unit indoor.",SRVC076,4,SRVC079,"Bongkar Indoor AC 0,5-1 PK",0.8492335081100464,False,False,,4
Q036,fine_grained,service_ac,e5,"Saya hanya ingin memasang unit outdoor AC 0.5–1 PK, bukan unit indoor.",SRVC076,5,SRVC072,Bongkar Indoor AC 1.5 - 2 PK,0.8444200158119202,False,False,,5
Q036,fine_grained,service_ac,hybrid_rrf,"Saya hanya ingin memasang unit outdoor AC 0.5–1 PK, bukan unit indoor.",SRVC076,1,SRVC076,"Pasang Outdoor AC 0,5-1 PK",0.032018442622950824,True,False,4,1
Q036,fine_grained,service_ac,hybrid_rrf,"Saya hanya ingin memasang unit outdoor AC 0.5–1 PK, bukan unit indoor.",SRVC076,2,SRVC078,"Bongkar Outdoor AC 0,5-1 PK",0.031544957774465976,False,False,1,6
Q036,fine_grained,service_ac,hybrid_rrf,"Saya hanya ingin memasang unit outdoor AC 0.5–1 PK, bukan unit indoor.",SRVC076,3,SRVC079,"Bongkar Indoor AC 0,5-1 PK",0.03149801587301587,False,False,3,4
Q036,fine_grained,service_ac,hybrid_rrf,"Saya hanya ingin memasang unit outdoor AC 0.5–1 PK, bukan unit indoor.",SRVC076,4,SRVC072,Bongkar Indoor AC 1.5 - 2 PK,0.03076923076923077,False,False,5,5
Q036,fine_grained,service_ac,hybrid_rrf,"Saya hanya ingin memasang unit outdoor AC 0.5–1 PK, bukan unit indoor.",SRVC076,5,SRVC073,Bongkar Outdoor AC 1.5 - 2 PK,0.0304147465437788,False,False,2,10
Q037,fine_grained,service_ac,bm25,"Freon R-32 pada AC 2 PK saya sudah habis dan saya membutuhkan isi penuh, bukan sekadar penambahan.",SRVC018,1,SRVC018,Refill / Isi Full Freon R-32 - 1.5 - 2 PK,23.945803162632846,True,False,1,
Q037,fine_grained,service_ac,bm25,"Freon R-32 pada AC 2 PK saya sudah habis dan saya membutuhkan isi penuh, bukan sekadar penambahan.",SRVC018,2,SRVC017,Refill / Isi Full Freon R-32 - 0.5 - 1 PK,22.473743795661417,False,False,2,
Q037,fine_grained,service_ac,bm25,"Freon R-32 pada AC 2 PK saya sudah habis dan saya membutuhkan isi penuh, bukan sekadar penambahan.",SRVC018,3,SRVC016,Refill / Isi Full Freon R-22 - 1.5 - 2 PK,19.085101171761064,False,False,3,
Q037,fine_grained,service_ac,bm25,"Freon R-32 pada AC 2 PK saya sudah habis dan saya membutuhkan isi penuh, bukan sekadar penambahan.",SRVC018,4,SRVC020,Refill / Isi Full Freon R-410 - 1.5 - 2 PK,19.085101171761064,False,False,4,
Q037,fine_grained,service_ac,bm25,"Freon R-32 pada AC 2 PK saya sudah habis dan saya membutuhkan isi penuh, bukan sekadar penambahan.",SRVC018,5,SRVC012,Penambah Freon R-32 - 1.5 - 2 PK,18.779003537526677,False,True,5,
Q037,fine_grained,service_ac,e5,"Freon R-32 pada AC 2 PK saya sudah habis dan saya membutuhkan isi penuh, bukan sekadar penambahan.",SRVC018,1,SRVC018,Refill / Isi Full Freon R-32 - 1.5 - 2 PK,0.8595557808876038,True,False,,1
Q037,fine_grained,service_ac,e5,"Freon R-32 pada AC 2 PK saya sudah habis dan saya membutuhkan isi penuh, bukan sekadar penambahan.",SRVC018,2,SRVC017,Refill / Isi Full Freon R-32 - 0.5 - 1 PK,0.8587861657142639,False,False,,2
Q037,fine_grained,service_ac,e5,"Freon R-32 pada AC 2 PK saya sudah habis dan saya membutuhkan isi penuh, bukan sekadar penambahan.",SRVC018,3,SRVC016,Refill / Isi Full Freon R-22 - 1.5 - 2 PK,0.8502179980278015,False,False,,3
Q037,fine_grained,service_ac,e5,"Freon R-32 pada AC 2 PK saya sudah habis dan saya membutuhkan isi penuh, bukan sekadar penambahan.",SRVC018,4,SRVC012,Penambah Freon R-32 - 1.5 - 2 PK,0.8497346639633179,False,True,,4
Q037,fine_grained,service_ac,e5,"Freon R-32 pada AC 2 PK saya sudah habis dan saya membutuhkan isi penuh, bukan sekadar penambahan.",SRVC018,5,SRVC085,Refill / Isi Full Freon R-22 - 0.5 - 1 PK,0.8496207594871521,False,False,,5
Q037,fine_grained,service_ac,hybrid_rrf,"Freon R-32 pada AC 2 PK saya sudah habis dan saya membutuhkan isi penuh, bukan sekadar penambahan.",SRVC018,1,SRVC018,Refill / Isi Full Freon R-32 - 1.5 - 2 PK,0.03278688524590164,True,False,1,1
Q037,fine_grained,service_ac,hybrid_rrf,"Freon R-32 pada AC 2 PK saya sudah habis dan saya membutuhkan isi penuh, bukan sekadar penambahan.",SRVC018,2,SRVC017,Refill / Isi Full Freon R-32 - 0.5 - 1 PK,0.03225806451612903,False,False,2,2
Q037,fine_grained,service_ac,hybrid_rrf,"Freon R-32 pada AC 2 PK saya sudah habis dan saya membutuhkan isi penuh, bukan sekadar penambahan.",SRVC018,3,SRVC016,Refill / Isi Full Freon R-22 - 1.5 - 2 PK,0.031746031746031744,False,False,3,3
Q037,fine_grained,service_ac,hybrid_rrf,"Freon R-32 pada AC 2 PK saya sudah habis dan saya membutuhkan isi penuh, bukan sekadar penambahan.",SRVC018,4,SRVC012,Penambah Freon R-32 - 1.5 - 2 PK,0.031009615384615385,False,True,5,4
Q037,fine_grained,service_ac,hybrid_rrf,"Freon R-32 pada AC 2 PK saya sudah habis dan saya membutuhkan isi penuh, bukan sekadar penambahan.",SRVC018,5,SRVC020,Refill / Isi Full Freon R-410 - 1.5 - 2 PK,0.03055037313432836,False,False,4,7
Q038,fine_grained,cctv,bm25,"Saya ingin Paket Hikvision 8 kamera yang semuanya indoor, bukan paket 6 indoor dan 2 outdoor.",SRVC049,1,SRVC052,Paket HIKVISION - 8 Kamera (6 Indoor + 2 Outdoor),28.41574359613,False,True,1,
Q038,fine_grained,cctv,bm25,"Saya ingin Paket Hikvision 8 kamera yang semuanya indoor, bukan paket 6 indoor dan 2 outdoor.",SRVC049,2,SRVC051,Paket SPC - 8 Kamera (6 Indoor + 2 Outdoor),25.455829081189698,False,False,2,
Q038,fine_grained,cctv,bm25,"Saya ingin Paket Hikvision 8 kamera yang semuanya indoor, bukan paket 6 indoor dan 2 outdoor.",SRVC049,3,SRVC053,Paket DAHUA - 8 Kamera (6 Indoor + 2 Outdoor),24.11397462888246,False,False,3,
Q038,fine_grained,cctv,bm25,"Saya ingin Paket Hikvision 8 kamera yang semuanya indoor, bukan paket 6 indoor dan 2 outdoor.",SRVC049,4,SRVC046,Paket HIKVISION - 4 Kamera (2 Indoor + 2 Outdoor),22.05888699022233,False,False,4,
Q038,fine_grained,cctv,bm25,"Saya ingin Paket Hikvision 8 kamera yang semuanya indoor, bukan paket 6 indoor dan 2 outdoor.",SRVC049,5,SRVC049,Paket HIKVISION - 8 Kamera Indoor,21.60642278757857,True,False,5,
Q038,fine_grained,cctv,e5,"Saya ingin Paket Hikvision 8 kamera yang semuanya indoor, bukan paket 6 indoor dan 2 outdoor.",SRVC049,1,SRVC049,Paket HIKVISION - 8 Kamera Indoor,0.8565320372581482,True,False,,1
Q038,fine_grained,cctv,e5,"Saya ingin Paket Hikvision 8 kamera yang semuanya indoor, bukan paket 6 indoor dan 2 outdoor.",SRVC049,2,SRVC052,Paket HIKVISION - 8 Kamera (6 Indoor + 2 Outdoor),0.8538773059844971,False,True,,2
Q038,fine_grained,cctv,e5,"Saya ingin Paket Hikvision 8 kamera yang semuanya indoor, bukan paket 6 indoor dan 2 outdoor.",SRVC049,3,SRVC061,Paket HIKVISION - 16 Kamera (12 Indoor + 4 Outdoor),0.8518320322036743,False,False,,3
Q038,fine_grained,cctv,e5,"Saya ingin Paket Hikvision 8 kamera yang semuanya indoor, bukan paket 6 indoor dan 2 outdoor.",SRVC049,4,SRVC058,Paket HIKVISION - 12 Kamera (10 Indoor + 2 Outdoor),0.8503925800323486,False,False,,4
Q038,fine_grained,cctv,e5,"Saya ingin Paket Hikvision 8 kamera yang semuanya indoor, bukan paket 6 indoor dan 2 outdoor.",SRVC049,5,SRVC046,Paket HIKVISION - 4 Kamera (2 Indoor + 2 Outdoor),0.8503795862197876,False,False,,5
Q038,fine_grained,cctv,hybrid_rrf,"Saya ingin Paket Hikvision 8 kamera yang semuanya indoor, bukan paket 6 indoor dan 2 outdoor.",SRVC049,1,SRVC052,Paket HIKVISION - 8 Kamera (6 Indoor + 2 Outdoor),0.03252247488101534,False,True,1,2
Q038,fine_grained,cctv,hybrid_rrf,"Saya ingin Paket Hikvision 8 kamera yang semuanya indoor, bukan paket 6 indoor dan 2 outdoor.",SRVC049,2,SRVC049,Paket HIKVISION - 8 Kamera Indoor,0.03177805800756621,True,False,5,1
Q038,fine_grained,cctv,hybrid_rrf,"Saya ingin Paket Hikvision 8 kamera yang semuanya indoor, bukan paket 6 indoor dan 2 outdoor.",SRVC049,3,SRVC046,Paket HIKVISION - 4 Kamera (2 Indoor + 2 Outdoor),0.031009615384615385,False,False,4,5
Q038,fine_grained,cctv,hybrid_rrf,"Saya ingin Paket Hikvision 8 kamera yang semuanya indoor, bukan paket 6 indoor dan 2 outdoor.",SRVC049,4,SRVC051,Paket SPC - 8 Kamera (6 Indoor + 2 Outdoor),0.030834914611005692,False,False,2,8
Q038,fine_grained,cctv,hybrid_rrf,"Saya ingin Paket Hikvision 8 kamera yang semuanya indoor, bukan paket 6 indoor dan 2 outdoor.",SRVC049,5,SRVC058,Paket HIKVISION - 12 Kamera (10 Indoor + 2 Outdoor),0.030776515151515152,False,False,6,4
Q039,fine_grained,cctv,bm25,"Saya ingin Paket Dahua 4 kamera yang terdiri dari 2 indoor dan 2 outdoor, bukan 4 kamera indoor semua.",SRVC047,1,SRVC062,Paket DAHUA - 16 Kamera (12 Indoor + 4 Outdoor),29.442759682727896,False,False,1,
Q039,fine_grained,cctv,bm25,"Saya ingin Paket Dahua 4 kamera yang terdiri dari 2 indoor dan 2 outdoor, bukan 4 kamera indoor semua.",SRVC047,2,SRVC047,Paket DAHUA - 4 Kamera (2 Indoor + 2 Outdoor),27.943075167826258,True,False,2,
Q039,fine_grained,cctv,bm25,"Saya ingin Paket Dahua 4 kamera yang terdiri dari 2 indoor dan 2 outdoor, bukan 4 kamera indoor semua.",SRVC047,3,SRVC042,Paket DAHUA - 4 Kamera Indoor,25.307747942587582,False,True,3,
Q039,fine_grained,cctv,bm25,"Saya ingin Paket Dahua 4 kamera yang terdiri dari 2 indoor dan 2 outdoor, bukan 4 kamera indoor semua.",SRVC047,4,SRVC053,Paket DAHUA - 8 Kamera (6 Indoor + 2 Outdoor),24.73760254200706,False,False,4,
Q039,fine_grained,cctv,bm25,"Saya ingin Paket Dahua 4 kamera yang terdiri dari 2 indoor dan 2 outdoor, bukan 4 kamera indoor semua.",SRVC047,5,SRVC045,Paket SPC - 4 Kamera (2 Indoor + 2 Outdoor),24.66855584885003,False,False,5,
Q039,fine_grained,cctv,e5,"Saya ingin Paket Dahua 4 kamera yang terdiri dari 2 indoor dan 2 outdoor, bukan 4 kamera indoor semua.",SRVC047,1,SRVC059,Paket DAHUA - 12 Kamera (10 Indoor + 2 Outdoor),0.8560677766799927,False,False,,1
Q039,fine_grained,cctv,e5,"Saya ingin Paket Dahua 4 kamera yang terdiri dari 2 indoor dan 2 outdoor, bukan 4 kamera indoor semua.",SRVC047,2,SRVC047,Paket DAHUA - 4 Kamera (2 Indoor + 2 Outdoor),0.8543491363525391,True,False,,2
Q039,fine_grained,cctv,e5,"Saya ingin Paket Dahua 4 kamera yang terdiri dari 2 indoor dan 2 outdoor, bukan 4 kamera indoor semua.",SRVC047,3,SRVC042,Paket DAHUA - 4 Kamera Indoor,0.8529683351516724,False,True,,3
Q039,fine_grained,cctv,e5,"Saya ingin Paket Dahua 4 kamera yang terdiri dari 2 indoor dan 2 outdoor, bukan 4 kamera indoor semua.",SRVC047,4,SRVC053,Paket DAHUA - 8 Kamera (6 Indoor + 2 Outdoor),0.8527575135231018,False,False,,4
Q039,fine_grained,cctv,e5,"Saya ingin Paket Dahua 4 kamera yang terdiri dari 2 indoor dan 2 outdoor, bukan 4 kamera indoor semua.",SRVC047,5,SRVC050,Paket DAHUA - 8 Kamera Indoor,0.8525769710540771,False,False,,5
Q039,fine_grained,cctv,hybrid_rrf,"Saya ingin Paket Dahua 4 kamera yang terdiri dari 2 indoor dan 2 outdoor, bukan 4 kamera indoor semua.",SRVC047,1,SRVC047,Paket DAHUA - 4 Kamera (2 Indoor + 2 Outdoor),0.03225806451612903,True,False,2,2
Q039,fine_grained,cctv,hybrid_rrf,"Saya ingin Paket Dahua 4 kamera yang terdiri dari 2 indoor dan 2 outdoor, bukan 4 kamera indoor semua.",SRVC047,2,SRVC042,Paket DAHUA - 4 Kamera Indoor,0.031746031746031744,False,True,3,3
Q039,fine_grained,cctv,hybrid_rrf,"Saya ingin Paket Dahua 4 kamera yang terdiri dari 2 indoor dan 2 outdoor, bukan 4 kamera indoor semua.",SRVC047,3,SRVC062,Paket DAHUA - 16 Kamera (12 Indoor + 4 Outdoor),0.03131881575727918,False,False,1,7
Q039,fine_grained,cctv,hybrid_rrf,"Saya ingin Paket Dahua 4 kamera yang terdiri dari 2 indoor dan 2 outdoor, bukan 4 kamera indoor semua.",SRVC047,4,SRVC053,Paket DAHUA - 8 Kamera (6 Indoor + 2 Outdoor),0.03125,False,False,4,4
Q039,fine_grained,cctv,hybrid_rrf,"Saya ingin Paket Dahua 4 kamera yang terdiri dari 2 indoor dan 2 outdoor, bukan 4 kamera indoor semua.",SRVC047,5,SRVC059,Paket DAHUA - 12 Kamera (10 Indoor + 2 Outdoor),0.030679156908665108,False,False,10,1
Q040,fine_grained,cctv,bm25,"Saya ingin Paket Hikvision 12 kamera dengan 10 indoor dan 2 outdoor, bukan paket 12 kamera indoor seluruhnya.",SRVC058,1,SRVC058,Paket HIKVISION - 12 Kamera (10 Indoor + 2 Outdoor),33.8419522787011,True,False,1,
Q040,fine_grained,cctv,bm25,"Saya ingin Paket Hikvision 12 kamera dengan 10 indoor dan 2 outdoor, bukan paket 12 kamera indoor seluruhnya.",SRVC058,2,SRVC055,Paket HIKVISION - 12 Kamera Indoor,32.17394049618677,False,True,2,
Q040,fine_grained,cctv,bm25,"Saya ingin Paket Hikvision 12 kamera dengan 10 indoor dan 2 outdoor, bukan paket 12 kamera indoor seluruhnya.",SRVC058,3,SRVC057,Paket SPC - 12 Kamera (10 Indoor + 2 Outdoor),31.314275992619837,False,False,3,
Q040,fine_grained,cctv,bm25,"Saya ingin Paket Hikvision 12 kamera dengan 10 indoor dan 2 outdoor, bukan paket 12 kamera indoor seluruhnya.",SRVC058,4,SRVC061,Paket HIKVISION - 16 Kamera (12 Indoor + 4 Outdoor),30.763016173864504,False,False,4,
Q040,fine_grained,cctv,bm25,"Saya ingin Paket Hikvision 12 kamera dengan 10 indoor dan 2 outdoor, bukan paket 12 kamera indoor seluruhnya.",SRVC058,5,SRVC059,Paket DAHUA - 12 Kamera (10 Indoor + 2 Outdoor),30.60079501785221,False,False,5,
Q040,fine_grained,cctv,e5,"Saya ingin Paket Hikvision 12 kamera dengan 10 indoor dan 2 outdoor, bukan paket 12 kamera indoor seluruhnya.",SRVC058,1,SRVC061,Paket HIKVISION - 16 Kamera (12 Indoor + 4 Outdoor),0.8617280721664429,False,False,,1
Q040,fine_grained,cctv,e5,"Saya ingin Paket Hikvision 12 kamera dengan 10 indoor dan 2 outdoor, bukan paket 12 kamera indoor seluruhnya.",SRVC058,2,SRVC058,Paket HIKVISION - 12 Kamera (10 Indoor + 2 Outdoor),0.8613328337669373,True,False,,2
Q040,fine_grained,cctv,e5,"Saya ingin Paket Hikvision 12 kamera dengan 10 indoor dan 2 outdoor, bukan paket 12 kamera indoor seluruhnya.",SRVC058,3,SRVC046,Paket HIKVISION - 4 Kamera (2 Indoor + 2 Outdoor),0.8595741987228394,False,False,,3
Q040,fine_grained,cctv,e5,"Saya ingin Paket Hikvision 12 kamera dengan 10 indoor dan 2 outdoor, bukan paket 12 kamera indoor seluruhnya.",SRVC058,4,SRVC055,Paket HIKVISION - 12 Kamera Indoor,0.8594132661819458,False,True,,4
Q040,fine_grained,cctv,e5,"Saya ingin Paket Hikvision 12 kamera dengan 10 indoor dan 2 outdoor, bukan paket 12 kamera indoor seluruhnya.",SRVC058,5,SRVC052,Paket HIKVISION - 8 Kamera (6 Indoor + 2 Outdoor),0.8584482669830322,False,False,,5
Q040,fine_grained,cctv,hybrid_rrf,"Saya ingin Paket Hikvision 12 kamera dengan 10 indoor dan 2 outdoor, bukan paket 12 kamera indoor seluruhnya.",SRVC058,1,SRVC058,Paket HIKVISION - 12 Kamera (10 Indoor + 2 Outdoor),0.03252247488101534,True,False,1,2
Q040,fine_grained,cctv,hybrid_rrf,"Saya ingin Paket Hikvision 12 kamera dengan 10 indoor dan 2 outdoor, bukan paket 12 kamera indoor seluruhnya.",SRVC058,2,SRVC061,Paket HIKVISION - 16 Kamera (12 Indoor + 4 Outdoor),0.032018442622950824,False,False,4,1
Q040,fine_grained,cctv,hybrid_rrf,"Saya ingin Paket Hikvision 12 kamera dengan 10 indoor dan 2 outdoor, bukan paket 12 kamera indoor seluruhnya.",SRVC058,3,SRVC055,Paket HIKVISION - 12 Kamera Indoor,0.031754032258064516,False,True,2,4
Q040,fine_grained,cctv,hybrid_rrf,"Saya ingin Paket Hikvision 12 kamera dengan 10 indoor dan 2 outdoor, bukan paket 12 kamera indoor seluruhnya.",SRVC058,4,SRVC057,Paket SPC - 12 Kamera (10 Indoor + 2 Outdoor),0.03057889822595705,False,False,3,8
Q040,fine_grained,cctv,hybrid_rrf,"Saya ingin Paket Hikvision 12 kamera dengan 10 indoor dan 2 outdoor, bukan paket 12 kamera indoor seluruhnya.",SRVC058,5,SRVC046,Paket HIKVISION - 4 Kamera (2 Indoor + 2 Outdoor),0.030158730158730156,False,False,10,3
